,controln,state,hv1,avg_fam_income,med_house_income,med_house_income,hvp1,pobc2,med_fam_income,avggift,tcode,dob,domain,target_d,not_so_many_randoms,empty_col
0,190579,CA,3200,343,310,311,83,32,333,3.106060606,1,0,U1,4.0,0.7319383566694107, 
1,42997,FL,1567,409,392,391,27,10,434,6.5625,2,1808,C1,7.0,0.33363210273292776, 
2,132896,OR,953,455,319,379,1,45,387,15.57142857,2,4410,T1,25.0,0.7830873573747225, 
3,120189,TX,492,301,244,260,3,92,284,19.375,0,0,T2,25.0,0.08521491726092056, 
4,138829,AZ,847,308,185,238,0,20,225,11.5,28,3601,T2,25.0,0.11568514200885138, 
5,167462,CA,2645,697,644,655,87,46,682,8.75,0,3601,S1,15.0,0.3343318576717371, 
6,160401,CA,1952,398,335,365,48,55,367,13.0,28,3101,T2,13.0,0.8498762017031296, 
7,174934,OR,1305,471,391,456,19,40,448,7.0,28,0,S2,5.0,0.977926644200196, 
8,2020,CA,3556,805,735,701,98,55,838,7.35,2,2401,S1,7.0,0.11201134688803838, 
9,74235,MI,473,363,327,338,1,94,348,13.5,4,4912,T2,26.0,0.430695624837656, 
10,167039,CA,3201,591,497,552,92,72,539,5.0,0,0,S1,5.0,0.06747963259088219, 
11,165509,CA,2213,491,447,447,77,62,491,4.95,0,0,C1,10.0,0.729369423475831, 
12,151653,CA,1455,426,376,417,7,39,393,6.35,0,2401,U3,10.0,0.7132406499436853, 
13,100132,MO,393,301,216,258,0,71,258,10.0,0,2401,S2,15.0,0.5046788118544728, 
14,161726,CA,2453,475,438,451,86,45,436,5.8125,0,4601,T1,7.0,0.558303674254727, 
15,125986,TX,533,308,246,276,1,75,287,13.375,0,4610,T2,17.0,0.40918826765732674, 
16,185394,MI,647,338,285,317,0,80,300,8.916666667,2,2702,S2,5.0,0.9184813701470479, 
17,43799,FL,1044,499,366,318,15,35,458,13.16666667,2,5801,T2,20.0,0.444156473860996, 
18,185464,KY,702,397,308,348,0,23,337,11.11111111,1,3910,T2,15.0,0.25284113602527236, 
19,125325,TX,852,556,516,540,1,46,535,14.62347826,13,1709,S1,20.0,0.74895519012075, 
20,112679,OK,1045,618,528,538,1,48,604,15.0,1,4801,S1,20.0,0.49168248290413397, 
21,2415,CA,5501,958,817,924,98,36,870,17.5,28,5501,S1,25.0,0.14027204114295855, 
22,166866,CA,3921,835,754,804,96,50,799,10.0,0,0,S1,12.5,0.31513321337397837, 
23,4211,TX,919,697,425,562,10,63,558,17.92307692,2,402,C1,25.0,0.0570554844118496, 
24,182395,WA,755,313,210,315,2,39,244,16.5,28,2601,C2,10.0,0.3625004873709863, 
25,188178,NV,1383,562,410,464,14,8,499,7.0,28,0,S2,8.0,0.8425115109142324, 
26,147835,CA,3694,666,421,611,97,41,601,32.22222222,0,0,C1,20.0,0.9977617508755586, 
27,5532,MD,1690,700,598,655,29,30,653,9.928571429,0,2104,T2,15.0,0.07569411814090077, 
28,128857,TX,438,264,213,213,0,47,265,26.0,1,4801,C3,15.0,0.016610773502562237, 
29,40058,FL,1187,469,400,448,12,11,438,11.66666667,2,1007,C2,25.0,0.9755911387951277, 
30,179377,WA,1617,490,398,414,29,59,457,7.5,0,0,0,10.0,0.6234142764453597, 
31,166207,CA,1367,355,342,329,4,57,359,6.75,1,0,U2,9.0,0.2921281859707777, 
32,124227,TX,267,94,121,72,0,69,169,13.875,0,0,C3,25.0,0.786696251974405, 
33,7173,TN,854,427,321,389,0,58,372,17.73333333,2,3008,S1,32.0,0.9303441072811023, 
34,85152,MN,493,395,244,311,1,87,314,12.5,2,0,R3,10.0,0.48168418801593627, 
35,32807,FL,700,375,327,360,0,44,355,5.444444444,1002,3301,S2,5.0,0.4789518968117896, 
36,268,FL,1765,562,327,465,44,8,442,22.38095238,0,607,C1,33.0,0.7247189133604189, 
37,109514,LA,0,0,0,0,0,0,0,5.666666667,0,3601,T2,6.0,0.08049397055742857, 
38,181644,WA,929,352,327,369,8,47,314,8.5,0,5707,C3,12.0,0.46727514802843817, 
39,62585,NC,581,332,231,267,1,90,288,14.0,0,5001,C3,25.0,0.14230347647975428, 
40,163354,CA,4313,811,748,783,98,54,752,11.85714286,0,604,U1,10.0,0.8311369606076551, 
41,98672,IL,470,337,274,313,0,91,282,4.2,0,6506,C3,5.0,0.13821106124293359, 
42,190614,CO,1159,561,572,557,0,28,574,6.230769231,0,0,S1,3.0,0.11125495327848511, 
43,155607,CA,3152,950,853,891,81,45,908,34.0,0,5401,S1,38.0,0.8289992040463331, 
44,161804,CA,1137,444,348,362,5,54,425,9.0,1,3906,R2,5.0,0.06054551326240343, 
45,11348,FL,912,442,313,370,8,14,379,12.16666667,0,0,C2,5.0,0.4266276793148378, 
46,111380,AR,332,296,219,257,0,84,261,7.133333333,1,2801,R3,10.0,0.9492734888851818, 
47,86578,ND,247,259,195,220,0,87,231,5.5,2,1201,R3,15.0,0.14809807512366224, 
48,157904,CA,2190,709,611,655,63,43,669,6.5,0,4401,S1,6.0,0.7023850159862792, 
49,140924,NV,1117,450,461,461,3,28,461,6.428571429,1002,0,S2,7.0,0.06413267420103153, 
50,32972,FL,814,312,268,282,1,46,298,10.4,0,5511,S2,12.0,0.19466836850841285, 
51,149541,CA,1814,410,328,418,27,43,380,10.66666667,2,3601,S2,10.0,0.05037471406735816, 
52,182604,WA,403,365,195,288,0,63,237,20.0,0,2801,T2,15.0,0.8750745028383123, 
53,103876,MO,613,357,264,323,0,64,300,10.66666667,28,3001,C2,20.0,0.29872509329252783, 
54,65999,MI,2712,1079,1022,1144,81,44,989,18.42857143,2,1909,C1,25.0,0.35622798541014145, 
55,104394,KS,958,582,467,499,8,45,525,7.6,28,3501,C1,10.0,0.2660421982325377, 
56,117524,TN,1129,537,332,445,12,43,429,20.83333333,28,4402,S1,25.0,0.12138060250927041, 
57,147904,CA,4984,777,630,702,98,41,734,12.14285714,0,1501,S1,50.0,0.35261083942507, 
58,105815,KS,452,324,270,300,0,62,297,14.8,1002,5001,C3,20.0,0.8363584876651826, 
59,31778,FL,986,539,485,495,11,26,530,20.11111111,1,4308,T1,25.0,0.42061217863668554, 
60,112084,AR,655,305,215,247,3,31,267,14.44,1,2410,R2,14.0,0.28571257451881127, 
61,58850,KY,459,258,133,195,0,81,237,3.52173913,1,2201,T2,6.0,0.4788852626434358, 
62,185901,TX,674,553,317,402,2,57,458,5.363636364,2,801,0,10.0,0.30587092050922204, 
63,134566,UT,728,339,265,304,2,54,315,10.35714286,0,0,S2,10.0,0.2955049856067956, 
64,185819,CA,4153,891,580,886,91,41,640,12.0,2,1601,S1,13.0,0.7830083786667482, 
65,3985,TX,348,265,197,223,0,87,239,10.22692308,0,2612,R3,12.0,0.3512384667792803, 
66,23321,SC,869,511,426,505,4,68,465,7.25,0,3011,T1,10.0,0.002857571607081555, 
67,158978,CA,1876,450,393,404,24,46,419,10.83333333,0,5009,S2,15.0,0.10017730729458352, 
68,14388,FL,865,432,341,387,3,21,392,6.266666667,1002,6206,S2,10.0,0.3360240586957367, 
69,12779,CA,666,288,213,253,1,47,268,8.166666667,1,1407,R3,10.0,0.7977240845411658, 
70,39667,FL,809,446,358,389,8,32,411,13.71428571,0,2209,S2,15.0,0.48667168689937623, 
71,163731,CA,4763,609,502,534,97,42,551,9.888888889,1,5401,S1,11.0,0.47668049480385744, 
72,156457,CA,0,0,0,0,0,0,0,15.0,0,5308,U2,25.0,0.8329267379136343, 
73,100369,MO,987,412,296,354,1,76,344,28.0,2,7201,S2,28.0,0.9963157537284116, 
74,46201,FL,2444,782,729,780,70,33,737,15.0,1,3001,S1,15.0,0.026825507796607417, 
75,118182,TX,503,292,213,255,1,71,262,4.5,0,2301,R2,5.0,0.841859163076616, 
76,67,NM,1004,313,189,247,0,32,236,5.05,0,1801,C2,5.0,0.35695694897439667, 
77,116951,TX,1565,784,717,780,0,27,704,6.1,0,1404,U3,6.0,0.5607103231871507, 
78,160032,CA,872,356,294,307,0,62,343,20.4,0,0,C2,25.0,0.044143462047334325, 
79,60694,IN,501,399,305,374,2,61,354,20.77777778,0,0,R1,25.0,0.07154127395372767, 
80,80387,WI,331,273,154,237,0,90,217,4.444444444,0,1401,T3,5.0,0.22689108874788955, 
81,158143,CA,620,309,236,270,1,60,279,12.36142857,1,4007,S1,16.0,0.8385407226636421, 
82,25277,SC,747,488,369,457,0,35,396,15.0,1,2101,T1,17.0,0.9001723237988435, 
83,179454,WA,936,308,237,304,1,48,257,9.5,28,2501,U3,20.0,0.7017859839662552, 
84,145899,NC,1491,566,396,489,22,42,472,14.0,0,0,S2,20.0,0.3653087423441852, 
85,183790,WA,756,430,333,372,6,57,391,8.769230769,0,0,R2,14.0,0.24006089465153735, 
86,119538,TX,487,262,217,222,0,59,247,9.888888889,0,3602,C3,16.0,0.7546676881107443, 
87,24991,SC,651,382,310,345,1,73,337,7.611111111,1,5201,T2,11.0,0.6684931389738946, 
88,113501,OK,693,486,404,479,0,54,439,5.125,0,6201,C2,5.0,0.3206436110367753, 
89,185353,CA,1063,223,150,148,10,38,206,3.035714286,28,1801,U4,3.0,0.2818020405428695, 
90,72308,MI,609,466,403,424,0,87,422,19.25,0,2002,T2,46.0,0.7557936745260164, 
91,110519,LA,732,459,366,374,0,71,432,10.70588235,2,3801,R1,17.0,0.41378539538656656, 
92,124193,TX,439,341,268,301,0,72,307,5.8,0,0,R2,6.0,0.5517443916698009, 
93,181526,WA,871,384,339,355,2,51,363,9.5,0,0,T2,13.0,0.3460282954273697, 
94,2796,AK,682,469,374,423,3,29,416,15.0,0,0,R2,25.0,0.6957852299668955, 
95,67954,MI,313,274,159,256,0,76,220,16.25,0,3101,U4,35.0,0.08136700384243978, 
96,93809,IL,1059,528,334,513,0,75,392,7.583333333,1,2003,U2,10.0,0.79604427572575, 
97,109520,LA,687,328,257,310,0,79,291,9.0,1,4501,T2,15.0,0.13883302286441523, 
98,76051,IA,397,313,248,270,0,20,296,14.4,1,4207,S3,20.0,0.6123582700659556, 
99,145521,CA,2516,691,595,649,80,40,641,13.65517241,0,0,U1,16.0,0.5599239958654794, 
100,87533,MT,747,387,289,318,3,54,347,11.625,0,2401,R1,5.0,0.8767929028184358, 
101,82026,WI,506,346,270,323,0,81,326,8.6,0,2201,T2,12.0,0.9127343517894446, 
102,97055,IL,412,380,311,354,0,84,342,9.333333333,0,3001,R2,22.0,0.9385566406733551, 
103,74701,MI,360,267,206,239,1,70,233,9.142857143,1,1901,R3,20.0,0.8247879013379757, 
104,183374,WA,423,296,208,229,1,43,261,4.380952381,1,0,R3,10.0,0.7909081939063387, 
105,28565,GA,745,342,304,275,1,39,353,5.166666667,2,0,C3,7.0,0.12703333368137115, 
106,139628,NM,691,337,284,294,0,46,319,17.16,2,3801,U2,20.0,0.8403390792758649, 
107,113686,OK,657,366,358,366,0,34,357,10.0,1002,5701,C2,15.0,0.5489945270728874, 
108,123862,TX,978,609,428,559,1,43,475,4.333333333,0,7001,C1,3.0,0.12028421821803625, 
109,151629,CA,1586,369,308,321,10,32,337,9.5,0,3601,U3,15.0,0.856599443514908, 
110,5404,LA,587,331,291,302,0,75,317,17.53846154,0,3611,T2,10.0,0.6182757188781244, 
111,150516,CA,3304,669,567,614,82,37,629,24.05882353,28,1501,S1,25.0,0.21221377608181458, 
112,31911,VA,800,376,294,358,1,63,333,4.285714286,0,0,S1,5.0,0.9874005144880011, 
113,2379,MI,1596,672,549,603,31,71,631,10.875,1,4809,T1,10.0,0.7095400376247086, 
114,151455,CA,2105,395,301,314,55,36,372,15.33333333,0,0,U4,20.0,0.9070174238173135, 
115,90499,IL,1480,718,560,684,25,51,635,7.617021277,0,5208,C1,10.0,0.04187418867399251, 
116,177307,OR,585,292,216,266,1,42,255,9.727272727,28,0,C3,10.0,0.3394919928818909, 
117,65423,MI,1033,651,488,611,0,72,565,10.33333333,3,3401,S1,10.0,0.883840818106205, 
118,95800,IL,340,252,147,178,0,58,217,10.2,1,1004,S3,20.0,0.03273537316582342, 
119,91965,IL,1708,455,342,413,11,70,374,12.6875,2,4505,S2,16.0,0.21562241742672783, 
120,104721,KS,1419,777,694,698,13,29,766,7.363636364,0,6701,S2,10.0,0.9169777428526383, 
121,165177,CA,2698,599,563,593,89,49,572,10.81818182,0,0,U1,5.0,0.1083010871621174, 
122,156929,CA,2688,449,306,367,88,37,418,8.642857143,0,0,U2,15.0,0.18937859979223493, 
123,52549,TN,556,389,202,346,1,81,270,13.11111111,1,5501,R2,30.0,0.9582724270244625, 
124,51706,TN,972,318,193,278,16,71,281,11.42857143,0,4808,T2,15.0,0.5140007102980547, 
125,117969,TX,498,315,227,278,0,62,282,7.454545455,28,3001,C1,9.0,0.9459778755304876, 
126,2235,FL,878,410,285,331,10,6,349,10.47058824,1,3204,C2,12.0,0.41506225002054464, 
127,161023,CA,883,362,281,333,1,59,315,14.85714286,2,2801,R1,20.0,0.20827130020495432, 
128,139887,NM,670,290,231,287,2,52,282,11.66666667,28,0,R2,20.0,0.11259779428504091, 
129,186212,NM,589,325,270,317,0,45,292,8.588235294,1002,1008,C1,7.0,0.9687641322587037, 
130,162759,CA,2620,523,481,490,82,36,519,14.42857143,0,4001,S1,18.0,0.6546169634251111, 
131,95654,IL,677,489,426,466,0,71,442,10.66666667,1,3308,S2,20.0,0.2315781613149529, 
132,101774,MO,464,285,164,257,0,64,224,8.222222222,0,6201,C3,8.0,0.12517687235098185, 
133,21710,NC,600,349,257,308,1,64,292,9.52631579,2,0,T2,10.0,0.401347064463212, 
134,65565,MI,707,474,282,393,0,73,383,4.176470588,2,701,U2,10.0,0.4115306818786191, 
135,171631,CA,1537,544,495,509,19,58,528,11.19230769,4,5302,S1,10.0,0.44642197018788665, 
136,24869,SC,682,498,366,464,2,63,421,8.0,0,6001,T2,8.0,0.05998819741409289, 
137,129846,SD,867,536,483,492,2,51,524,12.5,1,4201,T1,11.0,0.7663330819710112, 
138,150379,CA,1943,381,312,353,45,54,355,20.0,0,0,S2,20.0,0.07250077767190466, 
139,36590,FL,1037,529,439,456,0,27,511,10.0,1,4801,S1,10.0,0.7853310828373068, 
140,59744,IN,595,406,284,317,0,77,333,9.0,28,5408,T2,16.0,0.41991250590016815, 
141,31893,IL,375,296,267,270,8,13,295,20.0,0,0,T2,20.0,0.3175595448545291, 
142,46884,AL,397,386,229,329,1,74,336,9.777777778,0,0,R3,15.0,0.5078637015545475, 
143,66745,MI,584,386,283,386,0,68,307,15.0,28,7201,0,5.0,0.11610697535757597, 
144,10709,WA,534,272,206,231,1,48,248,13.55555556,0,0,0,23.0,0.8554889689262517, 
145,73984,MI,362,275,209,235,0,91,246,9.722222222,0,3305,R3,10.0,0.13116053306151332, 
146,27597,GA,991,548,493,506,3,46,532,5.8,1,5801,T1,9.0,0.7470302205211036, 
147,150587,CA,1805,447,398,394,33,58,441,10.66666667,0,0,S2,20.0,0.9633748973621803, 
148,187191,GA,2639,764,436,594,68,39,584,15.0,0,0,C1,25.0,0.037344232324616256, 
149,85357,MN,476,304,202,274,0,80,236,10.73333333,2,2908,R2,15.0,0.9465574094481982, 
150,156866,CA,3393,580,537,553,97,50,589,20.0,14,2201,U1,25.0,0.18300094535968114, 
151,164513,AE,0,0,0,0,0,0,0,12.5,0,4701,C1,50.0,0.15778816789186778, 
152,163369,CA,2250,167,181,159,99,16,192,6.0,0,0,U2,6.0,0.04030903144295461, 
153,551,TX,340,279,180,227,1,80,235,15.33333333,2,1201,T2,20.0,0.7510659911744233, 
154,18750,NC,482,462,302,328,1,72,396,12.5,0,5201,T2,20.0,0.42907648968658074, 
155,81277,WI,322,320,233,258,0,84,291,15.0,2,4401,R1,25.0,0.8851969878559678, 
156,128121,TX,655,481,406,432,0,72,430,9.0,0,0,S1,10.0,0.26943664795206634, 
157,84199,MN,908,493,487,482,0,79,499,5.090909091,0,2501,S2,5.0,0.4746609981996406, 
158,183476,WA,718,541,471,508,3,59,497,11.07692308,2,5008,T2,25.0,0.29762115641057163, 
159,162994,CA,2750,392,252,332,75,20,302,10.66666667,1,0,U1,10.0,0.7880063898702286, 
160,32040,GA,397,285,184,219,1,91,237,9.333333333,4,2801,C1,20.0,0.5249022883774946, 
161,65968,MI,1040,278,220,309,4,56,256,7.9375,1,6105,C1,9.0,0.1186638551969933, 
162,135896,Arizona,675,265,186,238,17,7,207,6.111111111,0,2501,C3,2.0,0.536688115486214, 
163,46461,FL,719,410,381,398,0,36,389,11.33333333,1,1801,C2,12.0,0.3241055911479507, 
164,2396,FL,588,266,233,249,1,21,254,8.333333333,0,0,T2,5.0,0.10682334958252404, 
165,93500,IL,1053,465,368,419,0,73,402,8.333333333,0,3705,U4,10.0,0.7831657694137668, 
166,90899,IL,419,303,279,295,0,72,296,12.0,28,3912,S3,17.0,0.2769210305652615, 
167,116542,TX,481,264,172,218,1,79,227,15.0,0,0,R3,20.0,0.8711742142403452, 
168,29868,GA,803,441,397,407,2,49,432,20.0,0,5901,T2,25.0,0.7216351111363755, 
169,171521,CA,886,388,318,339,6,58,360,5.222222222,0,0,R2,6.0,0.2288733842005355, 
170,18953,NC,1093,636,580,587,19,37,629,7.333333333,0,4303,S1,11.0,0.5321233859250413, 
171,102780,MO,257,273,148,264,0,75,194,10.125,0,1208,R2,16.0,0.8152878275245297, 
172,136372,Arizona,1453,497,419,426,17,2,486,25.0,1,1901,C1,10.0,0.1683478835162998, 
173,19581,NC,821,475,427,433,0,64,456,6.654411765,2,3703,S2,25.0,0.1176582014795533, 
174,121410,TX,931,725,416,636,12,47,543,15.0,1,3101,U1,15.0,0.09833425612124547, 
175,99736,MO,496,390,330,349,0,87,360,5.571428571,0,5101,T2,20.0,0.07568692407941036, 
176,54441,MS,463,258,181,231,0,56,227,12.75,2,4107,R3,30.0,0.3562116448414655, 
177,144735,CA,5649,888,750,828,96,56,801,8.615384615,0,2709,U1,10.0,0.6404790556217952, 
178,39257,FL,1093,441,364,424,2,30,392,9.25,1002,7001,S2,25.0,0.6025886112644725, 
179,136716,Arizona,852,498,344,450,0,14,394,12.5,1,0,C1,25.0,0.9753230567787661, 
180,145310,CA,3100,497,133,488,79,25,306,18.33333333,0,4911,U1,20.0,0.9906968363612161, 
181,40351,FL,1074,553,505,524,4,26,528,28.0,0,0,S2,30.0,0.6688802743018991, 
182,43321,FL,1452,467,352,397,12,5,410,25.0,0,2301,C1,25.0,0.3062108077297946, 
183,14009,MI,813,313,246,263,6,65,297,9.25,0,3401,0,3.0,0.4005313815898698, 
184,187517,TX,333,319,205,219,0,81,278,16.42857143,1,0,R2,25.0,0.9499992121250229, 
185,22924,SC,536,307,261,296,0,88,278,4.944444444,2,2101,C3,10.0,0.7244174424801368, 
186,65124,MI,850,495,484,501,2,88,465,8.230769231,0,0,T2,5.0,0.8804905561402557, 
187,98437,IL,443,380,268,347,0,87,320,5.727272727,0,201,R2,10.0,0.7670511872174663, 
188,54369,MS,467,308,206,261,1,83,260,6.666666667,1,0,R2,6.0,0.3717905463832576, 
189,155856,CA,1207,488,284,303,8,46,458,7.25,0,1501,C2,10.0,0.5712146062327106, 
190,107321,NE,490,345,250,299,0,84,288,3.269230769,1,5201,T2,20.0,0.20889608321960873, 
191,139500,NM,805,289,207,243,0,49,237,8.266666667,0,1610,U2,20.0,0.11114574123118914, 
192,108381,LA,638,291,220,243,0,54,255,15.66666667,1,0,U2,20.0,0.4188175391140534, 
193,129653,CO,1208,660,571,594,2,38,616,15.0,1,5201,S1,15.0,0.6788019538821625, 
194,102795,MO,198,297,208,252,0,86,261,15.0,1,2001,R3,10.0,0.05576395453411309, 
195,178085,OR,443,267,204,218,0,21,232,10.42857143,2,4403,T2,20.0,0.3113876787383125, 
196,12819,MO,1284,642,410,539,35,74,532,13.44444444,3,1101,S1,20.0,0.9753769797477148, 
197,99543,MO,675,365,312,352,1,81,343,5.785714286,0,2301,R2,15.0,0.036179723236975936, 
198,65804,MI,668,391,272,369,0,75,311,6.411764706,0,0,S2,10.0,0.024486754373052366, 
199,35947,FL,575,289,232,259,0,27,255,7.666666667,2,2505,S2,14.0,0.09403562546869515, 
200,152961,CA,2375,571,428,471,75,36,535,20.0,0,3401,C1,8.0,0.33176700280796123, 
201,161129,CA,1091,397,330,348,9,62,382,11.95238095,2,2201,R2,20.0,0.5553593915395383, 
202,177315,OR,1015,422,354,360,5,38,404,8.25,0,3805,T2,15.0,0.9296838557526047, 
203,104755,KS,1413,755,634,665,21,16,727,8.285714286,2,2001,S1,16.0,0.4930619774848286, 
204,147838,CA,3738,683,534,581,86,42,599,16.0,0,3001,S1,20.0,0.8534671119392212, 
205,182748,WA,849,380,281,327,10,48,327,13.30769231,2,2501,C2,12.0,0.4706706409082886, 
206,177238,OR,871,390,309,344,8,45,362,9.55,0,3207,T2,12.0,0.7933603407485708, 
207,191138,TX,571,366,300,333,1,67,336,15.0,0,4201,T2,15.0,0.20220021611618388, 
208,133932,WA,0,89,55,68,0,29,63,4.555555556,0,0,R3,5.0,0.4922995705748723, 
209,120608,TX,375,232,182,207,0,72,208,15.0,0,0,C3,15.0,0.552810993756197, 
210,11562,CA,3435,614,490,546,91,40,560,32.30769231,0,2501,S1,50.0,0.5346406578971856, 
211,87541,WA,466,289,211,252,0,61,244,5.625,0,4501,R2,5.0,0.6603340134131443, 
212,1722,CA,1668,668,648,664,12,60,663,13.38461539,1002,5207,C1,10.0,0.47907529167392293, 
213,32843,FL,546,322,283,256,0,63,344,15.0,1,5901,C3,15.0,0.5086280157156637, 
214,77439,WI,713,429,360,372,0,91,408,11.3125,2,3101,R2,17.0,0.30560287079884096, 
215,140457,NM,576,338,263,355,1,51,304,6.04,1,2401,T2,10.0,0.34285716426610513, 
216,70144,FL,585,427,459,393,0,33,445,13.58333333,0,1711,S3,15.0,0.7746418335429135, 
217,157947,CA,2022,569,441,534,52,44,496,4.777777778,0,0,U1,5.0,0.015382525630275978, 
218,137680,Arizona,786,318,220,264,2,27,274,6.222222222,0,2308,R2,5.0,0.3241035688885797, 
219,153708,CA,1406,556,431,536,21,35,453,15.0,28,0,U2,21.0,0.9665171662237504, 
220,27217,GA,503,324,239,275,1,84,287,20.0,0,0,R2,15.0,0.30826403232231503, 
221,1442,MO,1602,593,459,475,32,67,561,18.42105263,0,5901,C1,24.0,0.19465311953703712, 
222,38327,FL,736,316,274,276,0,16,311,10.4,1,1103,S2,11.0,0.1147167782173042, 
223,109287,LA,393,213,130,147,0,92,178,4.363636364,0,0,C3,5.0,0.44814680444769817, 
224,77784,WI,987,521,430,469,2,80,476,10.0,0,7102,S1,16.0,0.08188504620982928, 
225,22098,NC,529,326,254,301,1,73,284,2.439814815,2,2801,T2,2.0,0.3330169773913185, 
226,156224,CA,4933,816,691,736,94,26,762,26.5,0,4701,T1,30.0,0.05998614779830502, 
227,169224,CA,1178,573,482,507,0,48,543,15.57142857,0,2201,C1,36.0,0.7419394180012145, 
228,146341,CA,2397,459,409,486,77,47,402,9.9,1,1701,U2,20.0,0.6849667604188618, 
229,102630,MO,651,459,336,415,0,75,395,3.578947368,2,0,R2,5.0,0.6554155022426654, 
230,119362,TX,1711,810,400,806,34,66,566,16.0,28,2001,C1,45.0,0.4647733358585243, 
231,92962,CA,3663,818,749,777,87,52,784,20.0,1,0,U1,20.0,0.49405023784924185, 
232,14420,SC,473,373,300,319,0,80,333,8.666666667,0,403,T2,10.0,0.10103579981024358, 
233,157687,CA,4954,1146,1106,1195,99,55,1086,7.444444444,0,3801,T1,15.0,0.9646879033476007, 
234,145436,TX,775,467,494,465,1,59,489,25.0,1,0,U1,10.0,0.6805860456372077, 
235,62795,IN,505,356,273,330,1,43,316,20.0,0,0,R2,20.0,0.9089413716261386, 
236,80153,WI,416,340,247,297,0,62,292,15.0,0,2301,C3,5.0,0.885201734519967, 
237,21107,NC,678,335,260,289,4,56,303,8.777777778,1,1907,T2,7.0,0.7092227313183048, 
238,164551,CA,1158,386,369,398,3,64,373,4.090909091,0,0,C2,3.0,0.22078034781707712, 
239,53485,TN,861,328,248,314,0,44,278,7.0,28,0,S2,7.0,0.8954820878240314, 
240,25331,SC,407,260,157,193,0,79,221,16.66666667,0,0,R2,22.0,0.23672874022634804, 
241,189130,IL,1094,444,363,388,2,66,421,20.83333333,1,2810,U2,51.0,0.5597216807433789, 
242,190840,IL,485,340,297,309,0,60,329,21.25,1,4912,C3,25.0,0.3424880230480558, 
243,341,GA,517,416,327,375,0,87,389,11.0,0,3011,R2,25.0,0.849133657623901, 
244,109240,LA,445,256,180,210,1,96,226,6.321428571,0,3711,T3,7.0,0.5845090638006636, 
245,6028,NE,2458,1118,1178,1203,73,56,1095,13.58139535,4,4912,S1,15.0,0.9228960421362754, 
246,169722,CA,1428,297,301,277,3,49,322,25.0,0,4701,C2,20.0,0.6702903077910396, 
247,91467,IL,693,386,407,399,1,81,390,6.588235294,28,4106,T2,8.0,0.4519114026948782, 
248,88537,IL,873,319,211,291,0,75,251,3.173913044,1,2106,T2,5.0,0.8707353543082272, 
249,162740,CA,2807,542,478,497,92,58,504,12.75,0,2201,S2,14.0,0.19614110050440892, 
250,123622,TX,351,304,241,278,0,61,283,14.0,1,5401,S3,25.0,0.6362176747777438, 
251,12370,CA,2067,583,489,534,53,54,540,450.0,0,0,C1,20.0,0.6972416408620377, 
252,91453,IL,999,496,411,453,12,80,465,18.71428571,0,0,T2,21.0,0.04064173710273633, 
253,42543,FL,419,305,218,243,1,53,277,8.75,0,0,R2,20.0,0.22727197634732443, 
254,89768,IL,962,465,327,479,1,69,361,5.111111111,2,0,S2,11.0,0.19877450515331319, 
255,139175,NM,542,298,220,252,1,56,272,11.51351351,0,0,R2,10.0,0.5355001904119863, 
256,83559,OK,780,414,278,323,1,36,345,14.14285714,1,5902,U2,10.0,0.17570008294072403, 
257,113312,OK,1229,700,546,649,4,60,555,5.214285714,2,2301,C1,5.0,0.7890017045932277, 
258,117329,TX,928,452,408,452,2,48,444,12.83333333,28,2712,S1,15.0,0.3119006212537122, 
259,56674,KY,335,195,137,205,0,80,166,6.666666667,1,2101,U4,15.0,0.6042528362699267, 
260,40105,FL,700,326,228,277,0,27,309,15.0,0,4608,S3,23.0,0.7430999119327546, 
261,76914,IA,337,301,220,265,0,87,258,9.714285714,0,0,R2,15.0,0.6218472019706438, 
262,7947,MI,557,372,279,337,1,69,321,9.074074074,1,1612,R2,11.0,0.031276112121827015, 
263,166350,CA,3333,913,690,871,94,50,759,20.83333333,0,5201,S1,25.0,0.015229787015647034, 
264,2151,CA,1126,285,243,261,6,38,275,20.8,1,5001,C3,25.0,0.05485899087035073, 
265,107298,NE,0,0,0,0,0,0,0,38.0,0,4401,S2,43.0,0.4027490168453016, 
266,37762,FL,1987,633,403,524,49,20,567,14.0,1,3401,C1,30.0,0.44594743454204455, 
267,117383,TX,0,0,0,0,0,0,0,15.0,2,4801,S2,21.0,0.9195689222062906, 
268,174375,OR,1093,483,315,431,7,44,386,25.0,28,5801,S2,25.0,0.04599947416992278, 
269,102742,MO,238,287,176,225,0,82,233,6.636363636,1,4401,R2,9.0,0.770996426200732, 
270,53793,TN,966,569,517,528,2,47,547,7.714285714,28,4901,S1,5.0,0.011280613163488051, 
271,59070,KY,377,285,234,252,0,85,276,10.25,1,5003,R3,10.0,0.9404823769708393, 
272,107279,NE,825,503,417,459,2,68,453,4.0,0,4701,S1,4.0,0.7300783275029992, 
273,88886,IL,962,486,391,444,12,67,452,35.0,1,5411,R2,40.0,0.9441224297931042, 
274,190552,NM,1082,609,482,566,2,24,522,10.08333333,1,3501,0,7.0,0.1702274656639876, 
275,148869,CA,2362,678,613,632,74,61,655,13.375,1,6401,C1,15.0,0.10118489506966355, 
276,146463,CA,2163,581,484,522,67,66,537,4.833333333,0,2601,U2,5.0,0.7686148687119142, 
277,85204,MN,359,269,168,258,1,85,203,11.91666667,1,2210,R2,20.0,0.8411241686048394, 
278,143782,CA,5854,993,927,1077,99,43,920,28.0,1,4801,S1,25.0,0.04843857356120718, 
279,17102,NC,685,396,271,314,1,67,339,5.692307692,2,0,T2,7.0,0.18582048437966603, 
280,190157,NC,603,329,173,215,4,84,239,9.857142857,0,0,T2,15.0,0.7250241141955103, 
281,93681,IL,682,336,322,359,1,62,297,12.33333333,1,2309,U3,16.0,0.4721803919485793, 
282,105741,KS,581,402,295,349,1,65,349,17.0,2,4401,S2,20.0,0.08304493869232399, 
283,98962,IL,380,351,229,277,1,86,299,11.66666667,0,2308,R2,25.0,0.2127420273783367, 
284,32552,FL,1229,544,469,502,21,30,507,7.5,0,3802,T1,20.0,0.30846607462766407, 
285,23465,SC,689,350,313,320,0,69,343,12.0,1,2701,S2,15.0,0.45697704854834853, 
286,155130,CA,1715,660,607,619,34,55,647,4.8,1,4901,S1,4.5,0.8647215988916264, 
287,15017,FL,762,411,254,355,7,13,327,8.761904762,0,0,0,18.0,0.9115629836584895, 
288,123438,TX,683,507,449,471,0,50,484,6.8125,0,6601,T2,3.0,0.32898442843868403, 
289,178796,WA,1648,542,395,488,28,50,480,8.538461539,28,3503,S1,9.0,0.7032832958751409, 
290,143790,CA,5907,1144,1285,1340,99,26,1063,16.0,2,4101,S1,15.0,0.10933028887175278, 
291,173737,HI,1473,382,327,324,23,67,395,20.66666667,1,1801,T2,20.0,0.2315485842959678, 
292,57017,FL,484,266,150,243,0,11,195,20.0,0,0,T2,20.0,0.1939717732704319, 
293,131551,CO,645,313,214,308,0,32,251,8.916666667,1,1710,C2,10.0,0.013586201057282365, 
294,72796,MI,577,394,375,380,0,74,389,9.571428571,0,4905,R2,15.0,0.7492804569721758, 
295,178498,WA,1642,485,275,388,30,32,349,11.83333333,0,2802,S2,15.0,0.13055329832388773, 
296,77742,TX,1163,526,378,459,11,41,439,5.4,0,0,R2,5.0,0.7078304657965507, 
297,21204,NC,675,427,305,373,0,69,365,6.409090909,2,4001,C2,8.0,0.8449611045710618, 
298,71146,MI,602,391,336,366,0,87,363,9.0,0,7401,T2,10.0,0.9155516077562137, 
299,161230,CA,746,368,346,352,0,64,363,15.76470588,0,5207,T2,20.0,0.6661520360828015, 
300,67712,MI,459,533,116,518,0,41,280,27.42307692,0,801,U2,100.0,0.04201263105634223, 
301,178540,WA,922,361,232,298,3,52,298,8.5,0,1501,T2,15.0,0.8956048330045819, 
302,35306,FL,833,387,277,350,0,21,329,12.25,0,5610,C2,25.0,0.8605557681463412, 
303,14984,MN,1793,849,781,796,38,66,832,14.28571429,1,5401,0,15.0,0.8991650247196836, 
304,53295,TN,470,318,235,292,0,80,275,12.5,0,5401,U3,15.0,0.311592336412568, 
305,115398,OK,338,284,203,254,0,76,242,5.076923077,0,2901,R2,5.0,0.4065765865725043, 
306,24610,SC,420,285,225,253,0,90,249,4.9,0,1701,R3,4.0,0.39972918612662556, 
307,116993,TX,1576,579,388,418,8,71,528,12.85714286,1,1,U1,10.0,0.40480166911535476, 
308,80800,WI,677,370,282,303,0,84,334,8.428571429,2,3001,R2,8.0,0.6437795446661799, 
309,72757,MI,559,403,344,361,0,85,378,11.0,2,1105,R2,21.0,0.6754574089911707, 
310,38642,FL,731,432,350,385,4,33,401,15.0,0,7401,S2,10.0,0.7198300244861977, 
311,179293,WA,1196,456,327,406,4,49,382,10.46153846,2,0,S2,10.0,0.9375465274627417, 
312,79427,WI,718,462,410,443,0,80,425,8.578947368,2,3508,T2,10.0,0.9493611368668576, 
313,99813,MO,460,297,223,265,0,72,257,11.0,1,4701,R3,20.0,0.43179271911901695, 
314,368,CA,2257,523,485,541,78,50,488,6.5,1,2205,U1,10.0,0.7125740112378994, 
315,129200,CO,726,406,370,426,0,37,388,9.2,2,4801,S2,14.0,0.2613744670713608, 
316,171215,CA,1327,442,397,409,8,54,435,11.33333333,1,4701,S1,17.0,0.7769841800744786, 
317,41222,FL,956,417,348,344,3,33,412,11.44444444,1,6509,S3,20.0,0.7233752069033401, 
318,44410,FL,565,193,154,163,0,31,180,6.909090909,1,2506,T2,8.0,0.5039743036921217, 
319,175057,OR,987,485,361,440,1,45,400,12.11111111,1002,5109,T2,19.0,0.02752812308912611, 
320,83959,MN,1138,672,545,613,1,71,602,9.68,2,3805,S1,16.0,0.8907882409513773, 
321,35877,FL,535,265,226,236,1,32,250,4.285714286,28,2401,S3,5.0,0.8974449749714203, 
322,96763,IL,427,253,71,141,0,72,121,10.75,2,1805,C2,20.0,0.9034870052230354, 
323,144691,CA,5806,896,778,871,99,46,830,20.0,1,4701,T1,20.0,0.8399171492818693, 
324,180805,WA,1413,435,306,329,22,46,397,6.666666667,2,2401,R2,20.0,0.6144512541998881, 
325,180050,WA,1180,464,333,385,4,54,414,12.9,0,0,S2,25.0,0.11323708586142656, 
326,111592,AR,318,152,53,105,0,83,113,17.45454546,1,2109,C3,16.0,0.23921798648537906, 
327,66087,MI,554,445,414,424,0,69,432,7.866666667,0,4912,T2,20.0,0.22226667480308404, 
328,121554,TX,1900,664,404,582,43,38,498,5.2,28,6301,U1,6.0,0.5289264392582625, 
329,137429,Arizona,866,491,387,453,1,0,428,25.0,1,1301,C2,25.0,0.7416801126927305, 
330,127171,TX,1223,538,313,419,22,62,444,9.0,0,1601,R1,15.0,0.31556075031023423, 
331,167517,CA,2324,484,374,404,64,64,445,10.6,0,0,R1,25.0,0.8578064883164631, 
332,14386,MO,2528,686,439,591,53,44,542,24.77777778,2,1101,S1,10.0,0.30098595505411996, 
333,184011,WA,1183,628,217,528,26,52,379,37.5,28,1502,C1,25.0,0.24080958481334436, 
334,121967,TX,655,324,318,315,0,41,328,8.75,1,3801,S2,15.0,0.4476664100870882, 
335,20194,NC,399,295,211,259,0,79,249,6.2,28,3601,T3,10.0,0.7742267509382735, 
336,84967,MN,418,403,190,290,0,88,244,10.71428571,0,4805,T2,15.0,0.915133193588508, 
337,93684,IL,595,419,385,394,0,63,406,8.875,1,4202,U2,11.0,0.09517630988404813, 
338,92802,IL,0,0,0,0,0,0,0,11.33333333,1,4210,U1,10.0,0.793050290610393, 
339,24900,SC,548,388,289,327,2,72,340,11.66666667,0,5201,T2,25.0,0.3425617242096072, 
340,121926,TX,1125,279,227,287,0,55,246,10.25,28,0,S1,20.0,0.494409880902575, 
341,12003,CA,3626,838,749,785,96,45,795,12.3125,28,2901,U2,20.0,0.9435849054012525, 
342,7852,NE,503,308,261,267,0,61,290,8.863636364,2,0,T2,10.0,0.5620102758427656, 
343,111137,AR,545,301,257,265,1,59,301,17.625,0,0,C2,21.0,0.7820903769053262, 
344,47688,AL,455,389,257,350,1,84,321,12.0,0,0,R2,10.0,0.3132470079739267, 
345,25576,GA,1201,507,317,408,3,52,426,7.818181818,0,1401,S1,21.0,0.5992218379432357, 
346,127392,TX,592,359,188,406,0,53,240,16.27272727,1,4108,C1,23.0,0.5229690816669272, 
347,77495,WI,614,428,340,388,1,88,377,7.636363636,0,0,T2,10.0,0.1598501153658889, 
348,87210,MT,423,344,256,296,0,75,295,11.0,0,0,R2,20.0,0.1314235236363156, 
349,93218,IL,302,203,208,216,0,67,207,11.25,72,0,U4,10.0,0.8848493660958077, 
350,184974,AK,1157,559,365,514,8,33,448,7.714285714,0,2601,T2,10.0,0.778929339101526, 
351,136768,CA,2312,589,456,516,63,44,531,6.333333333,0,5301,S1,2.0,0.1363409237284422, 
352,42724,FL,440,254,164,186,0,41,220,9.666666667,1,3601,C3,25.0,0.30398605423857705, 
353,82313,MN,569,350,276,315,1,84,317,9.727272727,0,2705,T2,15.0,0.30534191637647523, 
354,132820,WY,680,457,353,393,1,39,406,9.058823529,0,5201,R1,15.0,0.31394358691532487, 
355,51683,TN,690,411,194,371,1,57,263,5.0,1002,0,C2,5.0,0.33873838566860137, 
356,93538,IL,438,156,159,146,17,58,165,20.66666667,0,2503,U4,36.0,0.5587599161601565, 
357,145407,CA,2166,445,415,402,68,52,457,8.095238095,0,0,S2,10.0,0.5084836635926706, 
358,55553,MS,394,252,188,220,0,89,227,25.0,1,0,R2,20.0,0.16895594643617795, 
359,58447,KY,630,361,300,327,0,55,321,9.2,0,3001,T2,10.0,0.8165039247381107, 
360,159424,CA,3276,555,358,478,92,40,436,25.0,1,2401,S1,75.0,0.7163606436836693, 
361,34649,FL,1171,570,483,512,9,20,544,5.2,0,2901,S1,7.0,0.8452233869223944, 
362,50154,TN,1103,524,467,503,3,74,497,15.0,1002,6801,T1,15.0,0.17293246824053532, 
363,77432,WI,673,348,293,335,0,88,296,11.5,2,5401,T2,15.0,0.23414483281772414, 
364,152821,CA,1633,351,286,318,8,13,306,5.8,0,5401,S2,11.0,0.6757524012876962, 
365,57964,KY,428,334,166,304,4,71,240,9.1875,1,2601,C3,12.0,0.07305960291115687, 
366,188385,TX,262,228,150,194,0,67,186,15.0,2,1601,T3,5.0,0.9897747634154261, 
367,65899,MI,905,605,470,533,0,70,549,7.25,28,4301,S2,10.0,0.012929555248419322, 
368,171302,CA,1693,492,423,467,23,58,457,11.66666667,0,4701,S1,15.0,0.32346714425930845, 
369,38106,FL,1806,450,243,312,33,5,338,2.795454546,0,804,U2,3.0,0.610091936825106, 
370,35906,FL,683,368,284,325,2,32,313,15.33333333,0,5701,T2,15.0,0.08574811573089092, 
371,4513,MI,630,437,355,396,0,75,395,13.0,1,2804,C2,20.0,0.1224641032163234, 
372,14272,AR,389,286,207,234,0,69,253,12.66666667,0,4001,R2,20.0,0.8387458673417898, 
373,1779,AR,417,282,131,199,0,42,200,13.0,0,0,T3,12.5,0.9733787415450905, 
374,180512,WA,731,382,304,355,1,53,349,6.578947368,2,1312,T2,10.0,0.1958579062536916, 
375,41065,NV,1569,781,673,672,22,44,785,12.5,0,3401,C3,15.0,0.1684691558503879, 
376,111949,AR,335,239,166,207,0,76,207,4.606060606,0,0,R3,5.0,0.5591440336673063, 
377,35043,FL,1357,587,521,534,26,30,571,13.0,1,4304,C1,16.0,0.41880548826231634, 
378,86311,SD,530,375,309,375,0,80,276,5.5,0,0,R2,6.0,0.932791245056813, 
379,182293,WA,883,363,294,315,6,66,355,14.25,1,0,C2,19.0,0.6612483050103306, 
380,179023,WA,982,384,318,388,0,61,341,20.0,1,0,S2,35.0,0.009238036243547354, 
381,65481,MI,663,534,432,501,0,64,483,15.0,1,4401,U2,20.0,0.8291793340248065, 
382,21144,NC,827,319,240,275,8,60,297,6.3125,2,0,R2,6.0,0.5278831546389114, 
383,9390,MI,266,211,146,167,0,72,217,8.09375,3,4009,U4,5.0,0.968540366555002, 
384,157973,CA,1967,436,371,409,45,15,403,10.5,1,2001,C1,12.0,0.5566944597924919, 
385,176890,OR,470,355,305,339,1,45,318,5.625,0,3001,T2,8.0,0.44316719702018637, 
386,65181,MI,626,440,356,388,2,83,392,9.8,2,3603,C2,11.0,0.4515470448417146, 
387,181083,WA,1521,543,412,422,33,64,497,8.571428571,1,5001,T2,5.0,0.14186160684340043, 
388,175951,OR,584,347,282,314,0,51,318,10.4,2,4501,S2,15.0,0.0764761371367203, 
389,20966,NC,588,318,257,288,0,56,285,19.0,28,4801,T2,20.0,0.6107329383067233, 
390,91779,IL,1063,434,294,360,0,79,354,20.0,0,6001,C2,20.0,0.09761860081700169, 
391,98099,IL,588,387,272,345,2,85,331,13.33333333,0,6601,R2,21.0,0.7701949283885223, 
392,32485,FL,663,340,293,315,3,24,305,11.66666667,0,3601,T2,37.0,0.9151758839934742, 
393,111284,AR,582,340,292,308,0,61,323,4.272727273,2,3801,T2,5.0,0.3728306209028418, 
394,15651,NC,1497,762,581,678,21,76,667,6.928571429,0,5501,C1,10.0,0.8601283587442605, 
395,96220,IL,281,342,280,314,0,83,274,7.714285714,0,3503,R2,14.0,0.03089488713907551, 
396,73221,MI,784,400,289,378,2,67,332,11.0,2,0,C2,10.0,0.7106242064804785, 
397,170143,CA,1722,433,404,420,39,59,411,4.571428571,2,905,T2,5.0,0.20189528290783743, 
398,43884,FL,645,284,226,249,1,7,257,5.285714286,1,3202,C3,5.0,0.39369625133928965, 
399,61338,IN,544,433,330,403,0,68,360,5.133333333,1,5701,S2,5.0,0.48001973174006796, 
400,82636,MN,896,438,291,335,6,70,340,8.6,0,4101,C1,15.0,0.6440825551240369, 
401,190730,NV,398,337,248,303,0,39,292,8.45,2,1407,0,14.0,0.5545354064762389, 
402,121071,TX,900,455,273,337,3,43,336,13.6,28,4912,U1,15.0,0.9428508175091914, 
403,94386,IL,1421,662,435,604,24,81,534,5.714285714,1,3301,U1,6.0,0.9742067560101692, 
404,31094,GA,405,254,166,208,0,81,215,6.666666667,0,2801,R3,5.0,0.033603175187845724, 
405,58463,KY,297,187,176,178,0,72,185,21.0,2,1605,R3,10.0,0.8375113628715201, 
406,160716,KS,317,249,231,249,0,64,241,4.885769231,28,0,C2,7.0,0.8018572060894421, 
407,156414,CA,2184,419,351,376,67,38,394,12.5,0,1601,U1,20.0,0.688680632078793, 
408,137592,Arizona,0,0,0,0,0,0,0,17.5,1,1201,C3,25.0,0.554657717453693, 
409,130840,CO,1848,765,643,688,40,24,705,8.35,0,1805,T1,20.0,0.23671931120098988, 
410,133176,ID,2111,550,320,408,53,26,444,16.5,2,3601,R1,50.0,0.2136630736976015, 
411,164044,CA,5795,1204,1329,1326,99,36,1201,11.66666667,0,4201,T1,15.0,0.7954837783903979, 
412,190746,AL,710,457,402,429,0,50,433,10.71428571,1,3701,T1,11.0,0.6842962806899927, 
413,52116,NC,680,318,236,279,2,60,277,9.269230769,0,1703,T2,10.0,0.0545535258715667, 
414,42913,FL,950,469,357,449,3,16,420,7.2,0,4601,C2,5.0,0.8978849803628458, 
415,124143,TX,846,602,538,541,0,73,595,5.181818182,72,3803,C1,6.0,0.9582060753194525, 
416,47385,AL,2432,1105,1273,1332,64,62,1057,15.0,1,6001,S1,15.0,0.3446883750515827, 
417,92312,IL,3573,1179,1245,1474,98,70,1065,10.33333333,28,3202,S1,24.0,0.20673801602707387, 
418,114208,OK,393,221,195,212,0,65,222,15.55555556,0,3401,T3,50.0,0.5892349041549731, 
419,127744,TX,600,479,420,461,0,77,467,8.727272727,0,2104,T1,15.0,0.953102409117884, 
420,86696,ND,469,398,293,354,0,79,331,19.28571429,0,2307,T1,25.0,0.5057419671880515, 
421,177131,OR,605,323,223,326,0,47,283,12.25,28,2101,C2,10.0,0.5409058982118258, 
422,42689,FL,711,363,267,305,0,7,307,3.857142857,2,0,C2,4.0,0.07736903487380153, 
423,7879,CA,1072,427,284,306,6,63,378,17.85714286,2,3011,C2,25.0,0.3046328063166086, 
424,13089,MI,782,504,462,475,1,89,498,20.18181818,0,6112,T2,34.0,0.25442570333011383, 
425,98085,IL,464,364,225,291,0,84,277,10.2,1,0,R2,10.0,0.5026369413329774, 
426,5614,CA,1803,492,281,418,20,13,364,13.71428571,1,1908,C2,19.0,0.33341236883745495, 
427,122198,TX,1329,743,685,727,1,38,689,6.2,2,5601,C1,6.0,0.696869286442568, 
428,131537,AL,408,286,215,253,1,87,259,8.444444444,0,0,C2,7.0,0.9603201044283292, 
429,171609,CA,1537,544,495,509,19,58,528,13.0,0,4201,S1,20.0,0.6991726778378494, 
430,47914,AL,488,311,300,314,0,82,282,4.714285714,30,1901,T2,5.0,0.12058069854328468, 
431,25226,SC,799,467,429,445,0,70,421,9.125,1,2703,T2,12.5,0.23162690271605468, 
432,158567,CA,1722,408,324,406,13,62,365,6.071428571,0,1110,S1,6.0,0.9486380648421415, 
433,103535,MO,365,296,215,249,0,70,269,13.33333333,2,3801,R3,15.0,0.24883996773217254, 
434,13394,IL,1204,557,444,514,5,72,491,7.4,0,3001,S1,15.0,0.764869206862334, 
435,45870,FL,518,264,184,213,0,12,228,9.333333333,1,3001,C3,20.0,0.3422762690387545, 
436,169703,CA,2486,543,475,508,73,71,516,3.491935484,0,1501,C2,25.0,0.13607656339077234, 
437,147484,CA,5439,1004,984,1029,98,45,961,12.22222222,0,1601,S1,12.0,0.643925465881126, 
438,151907,CA,3477,629,424,601,90,37,528,5.4,0,5901,C1,6.0,0.45413259791896965, 
439,152283,CA,2813,474,313,366,81,12,388,10.0,0,3604,C2,10.0,0.9963626248175043, 
440,146742,CA,3909,901,870,886,98,45,878,11.28571429,1,3001,S1,15.0,0.9522159251010478, 
441,68240,MI,237,274,255,250,0,58,274,12.84615385,0,3001,U4,25.0,0.8463832567713943, 
442,24975,SC,545,338,302,316,1,80,324,15.0,0,4401,R2,20.0,0.41411957912603403, 
443,25027,SC,482,335,239,282,1,81,287,5.071428571,0,5502,R2,5.0,0.28179505968661345, 
444,184269,WA,506,356,274,320,0,37,310,10.0,0,1406,C2,10.0,0.29084047418403225, 
445,187915,NJ,1344,472,436,468,7,75,439,3.931538461,0,0,T2,20.0,0.049034822635098285, 
446,16972,NC,621,352,267,328,0,81,300,10.5875,1,5801,R2,12.0,0.14900790110999695, 
447,126469,TX,564,288,199,207,1,73,274,8.730769231,0,1808,C1,15.0,0.8318549123354808, 
448,42548,FL,398,210,193,207,0,42,195,8.769230769,0,2401,T3,11.0,0.7019587765855312, 
449,72416,MI,667,395,333,380,0,68,345,6.722222222,1002,1606,R2,5.0,0.49684138366502595, 
450,118163,TX,948,684,545,604,1,54,655,5.0,2,0,R2,5.0,0.5531446114054354, 
451,174833,OR,953,455,319,379,1,45,387,13.2,2,2002,S2,20.0,0.010362243618383005, 
452,19623,NC,1070,476,384,420,24,67,435,6.533333333,0,6201,T1,14.0,0.34797604756563993, 
453,159506,CA,1029,413,415,401,5,64,408,5.133333333,1,0,R2,10.0,0.8261275622049348, 
454,153743,CA,1325,464,381,458,4,38,403,16.35294118,0,5901,S1,26.0,0.3626301057557265, 
455,100447,MO,806,441,357,393,0,81,386,4.0,0,5401,S2,3.0,0.47996641689472674, 
456,126403,TX,339,207,158,161,0,58,212,8.25,2,2403,C3,10.0,0.5164828081383229, 
457,77695,WI,1040,569,492,505,5,79,549,15.0,1,5801,T1,20.0,0.7616392503578612, 
458,18266,NC,487,314,273,308,0,76,275,5.0,0,2505,C3,5.0,0.4776637105101085, 
459,80893,WI,498,390,278,348,0,87,357,8.333333333,1,1507,T2,25.0,0.091361346529512, 
460,169553,CA,942,304,204,254,6,58,306,5.611111111,28,5901,R2,10.0,0.21589513386563108, 
461,30450,GA,1156,655,420,617,5,56,541,31.0,2,2407,C2,50.0,0.20805241846778577, 
462,98220,IL,331,314,195,288,0,72,255,7.5,0,3601,R3,10.0,0.6943594780187647, 
463,134833,UT,498,299,139,229,0,70,246,5.5,1,3901,R2,6.0,0.9996718659782177, 
464,179014,WA,904,407,296,372,2,46,330,13.6,2,1001,T1,23.0,0.29730084927586653, 
465,77023,IA,324,202,146,192,0,47,186,12.5,1,4301,C3,15.0,0.4419969415661964, 
466,10028,CA,1771,341,314,335,13,45,322,11.1875,1,0,C2,20.0,0.896663710942293, 
467,20522,NC,1203,543,462,473,10,51,497,15.0,1,5001,T1,15.0,0.44005315153387425, 
468,82065,MN,737,469,506,504,0,83,472,8.454545455,0,3601,T2,10.0,0.8222983366786171, 
469,20769,NC,504,287,191,228,1,81,246,5.0,2,4601,T2,5.0,0.03236751167891816, 
470,160970,CA,931,343,307,318,2,50,332,5.090909091,1,2111,T1,5.0,0.4494749110332168, 
471,174609,OR,819,367,259,275,2,41,331,7.538461539,0,0,T2,10.0,0.1917587407646706, 
472,127166,TX,1490,818,612,645,25,56,733,18.47826087,1002,2512,S1,30.0,0.42892627764217006, 
473,155967,CA,2521,516,412,424,63,45,512,5.555555556,0,2001,C2,5.0,0.45959643060864497, 
474,14790,CA,4068,872,753,821,99,37,748,6.4,1,2104,U1,15.0,0.3149402663006363, 
475,20583,NC,810,503,441,457,1,56,489,8.133333333,28,2801,C1,14.0,0.5343072828077157, 
476,185934,CA,1364,308,244,255,15,43,296,18.75,2,0,U4,25.0,0.928478930615112, 
477,109449,LA,456,317,238,263,0,67,281,11.0,2,2211,T2,12.0,0.294436497442102, 
478,64115,IN,501,445,359,407,0,65,385,7.5,1,2506,C2,15.0,0.23068781283442308, 
479,154202,CA,810,264,180,214,2,32,217,12.83333333,0,0,T2,50.0,0.9261497458552739, 
480,153001,CA,1960,469,265,321,46,33,362,6.3,1,5203,S2,5.0,0.2468787753213998, 
481,154216,CA,770,313,213,264,3,45,276,4.714285714,2,1301,T2,13.0,0.999263206239436, 
482,174976,OR,619,324,244,271,1,53,300,12.25,0,5901,R2,15.0,0.8186897614062976, 
483,140547,NM,544,341,259,305,1,44,322,20.0,0,0,R2,20.0,0.33720908248564996, 
484,169371,CA,1436,372,308,347,16,66,338,25.0,0,1601,T2,20.0,0.37242502099564645, 
485,167100,CA,3223,597,487,516,89,59,568,6.444444444,0,1704,S1,10.0,0.5549234866233147, 
486,157295,CA,5500,614,365,424,99,50,456,11.53846154,2,1501,S1,35.0,0.9754813607811259, 
487,19020,NC,1588,511,450,471,35,61,478,16.2,2,2801,T1,19.0,0.15068298770466604, 
488,105325,KS,227,251,202,241,0,72,220,2.445945946,28,0,T2,6.0,0.9615542874220971, 
489,30117,GA,679,402,350,374,0,87,377,13.0,1,7101,T2,16.0,0.7505339340394761, 
490,121798,TX,612,547,508,510,0,51,551,12.33333333,1,3601,U1,15.0,0.4779086805324575, 
491,86322,SD,213,329,222,273,1,57,283,5.125,0,6701,T2,5.0,0.14811625891842373, 
492,56886,KY,1111,636,506,591,2,52,552,6.636363636,1,2601,S1,12.0,0.3782917971245343, 
493,177613,OR,803,326,222,240,4,36,311,19.23076923,0,0,R2,20.0,0.698255942851009, 
494,43492,FL,665,312,240,264,2,26,273,7.0,0,0,S2,12.0,0.08772626647325177, 
495,931,OR,646,328,239,249,1,58,305,5.1,1002,4711,R2,12.0,0.6917531889964218, 
496,19510,NC,2441,866,579,740,67,54,697,11.0,0,2001,C1,12.5,0.9142780017323602, 
497,38165,CA,1985,490,414,446,48,38,467,10.36363636,1002,4607,U2,14.0,0.3959719779026353, 
498,171879,CA,1016,303,235,246,1,66,278,20.0,0,0,U3,20.0,0.3354013198728467, 
499,135248,Arizona,596,361,308,316,0,42,345,11.81818182,1,1612,U2,20.0,0.3289008262246512, 
500,187171,Arizona,851,387,299,363,0,10,330,15.0,1,0,C2,15.0,0.6927608294083141, 
501,77915,WI,477,375,278,321,0,66,303,8.571428571,0,2212,S3,15.0,0.7990499218070967, 
502,64419,IN,725,360,305,309,1,77,349,10.22222222,1,0,R2,14.0,0.05604183193412171, 
503,51185,TN,457,292,186,242,0,78,237,9.333333333,1,0,R2,10.0,0.4983969519448286, 
504,79116,WI,377,375,311,363,0,49,320,5.0,0,3601,C2,10.0,0.65084705787664, 
505,68951,MI,1223,704,575,644,8,68,638,25.0,1,7107,S1,25.0,0.7484268494097781, 
506,50570,TN,308,269,182,220,0,76,231,10.0,1,0,R3,10.0,0.6391473037242453, 
507,90775,IL,1097,473,312,463,3,79,371,10.71428571,1,5103,S2,17.0,0.27777517381690187, 
508,186375,OR,1060,500,340,425,11,32,422,15.0,0,0,C1,10.0,0.7416968363268441, 
509,90765,IL,870,420,356,405,0,64,361,26.66666667,3,0,U2,20.0,0.6593746929908177, 
510,76128,IA,543,387,271,349,0,83,339,4.964285714,0,3201,R2,5.0,0.13493450502087545, 
511,28082,GA,1063,558,477,529,7,65,526,15.0,0,0,T2,20.0,0.2781257509338223, 
512,47869,AL,402,287,186,240,0,71,230,37.2,2,2401,C3,20.0,0.9013561832416467, 
513,176740,OR,770,318,228,282,3,47,272,20.0,1,0,C1,30.0,0.03965643861124091, 
514,48487,AL,364,277,170,231,0,92,221,10.0,0,4601,R3,25.0,0.6308877952712096, 
515,2490,SC,620,373,323,358,0,69,348,3.35516129,0,2901,T2,3.0,0.3969470357239764, 
516,41312,FL,577,373,157,324,0,45,224,11.09090909,2,2912,U3,23.0,0.49034308363378143, 
517,17094,NC,897,479,454,473,0,60,444,13.0,0,4001,T1,15.0,0.2039114128029661, 
518,56787,KY,651,359,321,345,0,76,361,9.666666667,1,6508,S2,13.0,0.8398527822962086, 
519,164167,CA,2292,710,642,670,70,52,680,6.4,0,5301,S1,13.0,0.40936351131537185, 
520,41785,FL,972,462,316,367,12,10,388,11.2,0,2811,C1,17.0,0.2008977233143553, 
521,126959,TX,1035,471,273,386,10,73,356,11.42857143,1,5601,R1,15.0,0.6701510503017143, 
522,29526,GA,431,319,258,283,0,81,289,7.25,28,4001,R3,10.0,0.9644764891819136, 
523,142901,CA,4947,748,586,608,99,38,682,10.0,2,2101,U1,10.0,0.48116816475638835, 
524,105827,KS,351,356,213,245,0,62,225,12.89473684,0,5001,C3,20.0,0.14518748178005814, 
525,159439,CA,439,228,203,203,0,57,230,5.636363636,1,0,R3,5.0,0.44826899884910354, 
526,11459,CA,1967,482,371,418,49,53,438,5.261851852,1,0,T2,7.0,0.6999547240570696, 
527,129268,CO,952,457,394,407,1,47,436,6.142857143,2,3109,S1,10.0,0.7893776026370027, 
528,122256,TX,637,457,404,407,0,37,446,4.714285714,0,5401,U1,20.0,0.8061407113402007, 
529,92355,IL,1413,539,414,482,6,68,489,8.0,1,2601,C1,25.0,0.7608637149623753, 
530,59811,IN,360,307,206,266,0,76,252,15.28571429,0,0,T3,5.0,0.6893663756647982, 
531,173497,HI,3676,722,683,692,91,68,724,20.0,2,2801,S1,5.0,0.7468943632424702, 
532,177017,OR,719,321,224,269,6,42,280,7.6,1,0,R2,15.0,0.3216071385170748, 
533,15350,NC,1071,575,357,494,18,55,490,17.5,28,2701,C1,15.0,0.32181043335857407, 
534,4629,CO,1460,668,551,565,12,36,641,7.102941177,1,2302,C1,15.0,0.45800906517325946, 
535,162598,CA,2766,439,362,433,84,53,398,13.0,2,2001,S1,20.0,0.13778307052104755, 
536,178949,WA,3442,793,658,671,77,46,749,10.0,1,3901,S1,15.0,0.48612727709020054, 
537,189880,MN,528,335,204,271,0,69,243,8.333333333,2,1801,T2,10.0,0.5429769395281902, 
538,132031,NM,1345,678,609,635,3,18,629,11.0,1,2301,R2,23.0,0.577131211002423, 
539,38111,FL,747,376,380,385,0,25,398,4.722222222,1,1311,C1,7.0,0.8385067577315322, 
540,21375,NC,498,326,243,284,1,86,285,20.0,0,5401,T2,25.0,0.6045487691336969, 
541,31735,FL,881,496,355,464,5,27,388,11.0,28,0,T1,19.0,0.2447830635780298, 
542,132456,CO,957,400,319,360,9,49,365,5.0,2,2201,R1,7.0,0.08605170328653944, 
543,121165,TX,920,633,160,753,8,43,348,15.0,1,6601,U1,10.0,0.3092085831922631, 
544,175226,OR,693,259,213,248,2,61,232,7.25,1,1809,R2,11.0,0.12699517858677978, 
545,190534,CA,1922,332,284,307,44,45,300,5.545454545,0,501,U3,6.0,0.2940466019936475, 
546,33383,FL,1473,688,611,647,17,28,649,7.333333333,28,0,T1,11.0,0.11622367677210643, 
547,64261,IN,369,346,251,305,0,88,295,5.625,2,0,T2,10.0,0.17546113590535306, 
548,106854,CO,1070,518,505,510,0,34,529,7.583333333,2,0,T1,8.0,0.7322427273854748, 
549,115676,TX,340,237,191,221,0,57,208,14.22222222,4,0,T2,20.0,0.16705582130704244, 
550,60195,IN,684,357,272,321,1,74,298,13.5,0,5501,S1,25.0,0.30044997618883784, 
551,6308,SC,454,320,244,285,0,85,280,10.77777778,0,1803,R2,12.0,0.26787233345432626, 
552,93883,IL,574,363,289,318,0,69,315,3.555555556,0,4601,U3,4.0,0.6010996695998103, 
553,38812,FL,3772,791,515,661,87,16,647,14.33333333,2,2310,U1,17.0,0.0463100524523018, 
554,15219,NC,730,419,309,374,1,75,365,25.0,0,0,T2,25.0,0.5185802006624354, 
555,76442,IA,588,405,332,380,0,67,354,4.0,1,3801,R2,5.0,0.6432208940730996, 
556,175659,OR,1465,720,514,638,25,33,589,7.818181818,2,1504,S1,10.0,0.87291908189586, 
557,21859,NC,824,356,285,305,3,59,333,9.909090909,0,3901,R2,10.0,0.6574544838017615, 
558,32892,FL,852,497,443,446,1,41,480,10.19047619,0,5010,S1,10.0,0.9096889565390722, 
559,65740,MI,777,511,444,485,0,81,476,9.3,0,6901,S2,12.0,0.038343818815053, 
560,117264,TX,532,396,237,404,0,65,297,12.0,2,5208,U3,17.0,0.8219086098017879, 
561,156344,CA,2917,709,625,613,93,53,712,10.09090909,1,0,S1,10.0,0.4172144535520229, 
562,152816,CA,1990,395,301,326,49,53,389,15.0,2,3201,S2,35.0,0.04101457438860423, 
563,133042,ID,427,341,231,290,0,71,290,27.5,1,1301,R3,40.0,0.3599502708189989, 
564,9063,Arizona,844,390,293,336,0,1,333,9.866666667,1,1601,0,10.0,0.5774051972345303, 
565,127527,TX,822,385,228,322,2,72,321,10.75,1002,6002,R1,12.0,0.5807161407022401, 
566,24940,SC,761,464,396,422,2,62,425,6.466666667,0,0,T1,15.0,0.549059501792434, 
567,40520,FL,965,495,356,453,7,24,426,9.538461539,0,1012,S1,10.0,0.5615439318968777, 
568,101263,MO,150,239,162,197,0,85,198,6.333333333,28,1601,R3,10.0,0.0669554971968811, 
569,130185,CO,607,279,239,260,0,57,256,3.6,2,1601,U3,3.0,0.10255949369058004, 
570,84599,MN,760,544,469,505,0,66,492,7.8,28,5801,C2,11.0,0.5823580804377784, 
571,95208,IL,445,306,234,253,0,84,270,8.9,0,2312,R2,10.0,0.016199238727295784, 
572,129822,CO,1331,635,503,579,13,26,561,12.2,28,4701,S1,20.0,0.552993439702435, 
573,97026,IL,598,487,371,453,0,73,419,11.5,0,4701,C1,10.0,0.5825919712197107, 
574,165378,CA,3997,945,896,915,97,49,919,10.625,0,6006,S1,23.0,0.47646427471377795, 
575,160196,CA,3461,514,404,423,90,67,479,6.153846154,0,5101,T1,10.0,0.5285776691959919, 
576,57052,KY,683,362,267,309,2,84,325,16.57142857,0,4701,R2,29.0,0.5638323710557116, 
577,144577,CA,5739,810,634,670,97,45,792,9.285714286,1,1603,U1,15.0,0.8383684946386384, 
578,103591,MO,150,258,202,251,0,90,223,6.1,39002,0,R2,3.0,0.35755021769952855, 
579,111708,AR,502,336,247,298,0,75,292,9.0,0,0,S1,15.0,0.5508084598594577, 
580,89030,IL,539,384,268,303,0,45,377,5.625,0,2501,U3,11.0,0.7420893490967229, 
581,169678,CA,1856,536,504,523,33,63,516,13.0,0,2401,S1,20.0,0.7380471235530984, 
582,95831,IL,301,347,238,354,0,80,267,10.5,1,2701,R2,10.0,0.9154074617578167, 
583,48047,AL,1075,590,511,556,6,41,552,5.8,0,0,T1,6.0,0.7544606905254719, 
584,156378,CA,5000,959,738,963,99,48,797,11.0,0,2807,S1,13.0,0.14282774957230238, 
585,58130,KY,283,227,149,168,0,73,207,5.111111111,0,0,R3,7.0,0.3202728780107499, 
586,111459,AR,1054,726,584,644,11,63,652,13.53846154,28,5801,C1,20.0,0.34847270943162356, 
587,77574,WI,1260,404,252,357,24,79,309,4.857142857,2,2301,C2,5.0,0.5188686336186028, 
588,157536,CA,3009,546,411,455,85,39,493,12.5,2,1901,C2,17.0,0.09272565062924698, 
589,86270,SD,462,253,224,264,0,55,248,8.0,2,5501,C2,16.0,0.45535396808072337, 
590,71882,MI,574,420,299,363,0,72,360,6.166666667,0,0,C2,14.0,0.3547719292249042, 
591,53213,TN,402,267,194,229,0,84,234,12.0,0,4401,R3,15.0,0.29716023307357, 
592,121292,TX,557,205,211,188,0,60,221,13.0,3,0,U3,16.0,0.5923223279858584, 
593,101614,MO,320,233,148,183,0,78,202,13.33333333,0,4401,R2,21.0,0.37242688025876525, 
594,161479,OR,758,457,407,409,0,53,455,7.454545455,2,2101,S2,11.0,0.4588128604997527, 
595,74183,MI,836,425,332,354,15,74,380,4.476190476,2,0,0,5.0,0.28079645800888287, 
596,53611,TN,468,315,245,308,0,66,294,8.0,28,5401,S3,18.25,0.41861926148985584, 
597,143610,CA,5000,932,569,936,99,34,712,15.0,0,0,U1,5.25,0.9289782996475106, 
598,158534,CA,2541,528,423,486,75,48,454,24.28571429,0,4801,S1,25.0,0.8180831744141193, 
599,66265,MI,497,421,362,452,0,79,384,20.41666667,1,4511,S3,40.0,0.5598419310430942, 
600,141468,NV,1003,386,258,322,5,13,318,25.0,0,1801,S2,25.0,0.9731524383503155, 
601,121683,TX,770,578,477,522,0,54,522,20.0,1,5101,S1,10.0,0.3834344927760581, 
602,130239,CO,739,428,369,368,0,53,419,20.0,0,5601,S2,20.0,0.900258492058622, 
603,987,GA,2140,850,773,789,59,48,816,3.761904762,0,4301,S1,3.0,0.6887186388437543, 
604,76585,IA,1282,703,550,637,15,66,607,4.857142857,0,3110,C1,5.0,0.4703879625699461, 
605,155240,CA,1167,406,211,272,4,21,329,11.14285714,28,2201,C2,15.0,0.4789289958931122, 
606,147841,CA,5626,1051,1023,1109,98,40,969,30.75,0,1706,S1,100.0,0.8240928778511791, 
607,140481,NM,636,341,281,311,1,47,295,8.75,2,5201,T3,20.0,0.7246440137246708, 
608,159034,CA,1834,420,442,371,23,46,441,14.8,1,1601,U2,21.0,0.9983814932353305, 
609,3933,IL,912,453,334,393,0,78,375,8.5625,1,6606,U2,20.0,0.8205910087561324, 
610,167138,CA,2125,468,375,399,58,57,411,20.0,0,5301,U1,30.0,0.46650883093265794, 
611,100900,MO,1180,607,513,548,7,55,554,5.5,2,0,C1,5.0,0.26126320362453015, 
612,161634,CA,669,226,190,198,0,50,214,8.4,28,6302,C2,15.0,0.025843970935761407, 
613,162945,CA,0,186,132,147,0,21,178,4.5,0,1201,U4,5.0,0.25057561312794774, 
614,12626,GA,533,386,301,349,0,48,339,8.2,2,0,R2,9.0,0.26074993760101084, 
615,134005,UT,582,392,361,368,0,62,385,9.666666667,13,1409,C2,10.0,0.8025560436663477, 
616,176948,OR,480,237,203,217,1,50,202,17.33333333,1,2401,T2,20.0,0.975088894100511, 
617,123270,TX,435,289,174,209,1,63,256,12.83333333,0,3508,C3,10.0,0.11444577086764696, 
618,133884,ID,609,323,250,291,1,34,290,3.908571429,0,0,T2,50.0,0.9398038531354288, 
619,21815,NC,548,317,213,307,0,86,256,5.8,0,7101,T2,5.0,0.28188753269975886, 
620,56700,KY,447,314,214,280,0,88,265,12.33333333,1,0,C3,20.0,0.9163135841580915, 
621,41920,FL,467,323,192,261,0,33,261,15.0,0,4201,U4,15.0,0.2794582763641641, 
622,68440,MI,327,325,232,256,0,48,284,13.66666667,2,3101,U4,15.0,0.9554561559034025, 
623,8013,IL,890,455,437,426,5,63,459,8.285714286,0,3701,S1,10.0,0.46926613347029555, 
624,12801,CA,2947,754,564,658,86,28,665,15.0,28,2001,S1,15.0,0.9251240242839277, 
625,36495,FL,679,321,192,238,0,11,242,7.428571429,0,401,U3,10.0,0.47688835853469524, 
626,151730,CA,1522,537,374,485,9,42,453,5.0,0,0,U2,5.0,0.8128597249104711, 
627,89174,IL,5324,1217,1159,1500,95,45,1053,22.25,1,805,S1,20.0,0.8621939747900063, 
628,5123,CA,1878,475,351,439,45,62,389,5.3,2,0,T2,6.0,0.30112618956743487, 
629,3931,IN,529,397,277,360,0,71,345,17.5,2,0,C2,10.0,0.13374341728891714, 
630,8330,FL,742,356,239,293,9,0,290,5.727272727,28,2501,C2,5.0,0.17222961692740457, 
631,113354,OK,466,399,332,368,0,69,368,10.87878788,0,5501,S2,20.0,0.5714856559897727, 
632,164296,CA,911,384,325,358,0,58,330,5.944444444,2,3601,S2,10.0,0.8963495708217395, 
633,184017,WA,952,529,414,452,4,48,484,14.22222222,1002,3501,R1,20.0,0.750832319809989, 
634,37852,FL,879,327,235,251,1,17,303,10.5,0,6009,U3,20.0,0.5597067788709781, 
635,64170,IN,573,471,393,437,1,69,413,16.28571429,0,3001,T2,15.0,0.2507684237767114, 
636,152118,CA,1644,489,396,426,35,54,450,3.0,2,2209,S2,4.0,0.10244822207773663, 
637,190281,CO,905,331,215,245,3,37,269,13.14285714,2,0,S3,25.0,0.42009222904258614, 
638,28786,GA,406,287,183,225,1,83,245,7.444444444,0,0,R3,10.0,0.10883425462030094, 
639,45551,FL,0,0,0,0,0,0,0,12.5,2,0,S3,15.0,0.4498497006942509, 
640,181931,WA,430,243,221,234,0,59,236,10.27272727,0,1909,U1,13.0,0.30380902066859405, 
641,45431,FL,492,288,200,244,0,7,243,15.0,1,2609,C3,20.0,0.23587250273458582, 
642,25635,GA,553,345,325,334,0,69,343,7.2,1,2001,S2,11.0,0.07110933683026044, 
643,135112,Arizona,719,407,313,366,1,52,331,5.428571429,0,3001,U2,8.0,0.7014493303722356, 
644,179111,WA,1761,715,583,588,31,38,692,12.5,0,4201,S1,20.0,0.09733856505965055, 
645,65596,MI,587,473,438,466,0,89,438,4.590909091,1002,5801,S2,9.0,0.48054125290170346, 
646,73282,MI,800,478,409,448,1,85,433,20.83333333,1,2201,S2,25.0,0.7448007878972559, 
647,146241,CA,3196,731,655,692,91,41,695,30.0,1,3401,U1,50.0,0.7413139014407355, 
648,60098,IN,789,462,383,434,0,79,412,9.916666667,1,4106,S2,25.0,0.5186406901939562, 
649,74361,MI,545,328,265,281,3,84,312,10.0625,0,7012,R2,10.0,0.7207530150143734, 
650,82857,MN,745,428,326,382,1,76,374,11.42857143,1,3804,S1,10.0,0.5432889095156866, 
651,38580,FL,1144,505,333,443,0,27,436,14.81818182,0,3607,S2,10.0,0.7524426299173755, 
652,36471,FL,730,272,181,191,1,22,287,10.5,28,2710,U3,20.0,0.4646601267418624, 
653,140135,NM,506,273,191,214,2,72,253,14.81818182,28,3901,R2,20.0,0.3768197345870594, 
654,133029,ID,488,234,159,220,0,62,203,11.94117647,0,3801,C2,5.0,0.9720947281374539, 
655,161829,CA,1748,391,351,355,22,24,382,5.523809524,0,3402,S2,10.0,0.7167123634651428, 
656,168268,CA,2159,394,233,280,67,62,247,20.17647059,0,2207,U2,15.0,0.18152276489003283, 
657,19490,NC,739,451,309,402,0,40,405,10.42857143,28,4201,C2,10.0,0.09064887744687522, 
658,166899,CA,2153,397,320,379,60,46,360,22.5,2,3601,S2,35.0,0.8714635942872174, 
659,145982,CA,2051,561,523,545,54,55,543,33.0,0,5801,S2,30.0,0.2928854953440203, 
660,187764,Arizona,1553,725,634,653,32,17,694,23.33333333,0,0,0,25.0,0.08568536879381661, 
661,171227,CA,986,405,354,389,1,58,369,7.6,1,0,S2,7.0,0.9336530033676482, 
662,27419,GA,442,286,218,253,0,78,257,15.0,1,0,R3,20.0,0.9699754570700484, 
663,106488,KS,405,349,241,274,0,59,291,21.06666667,0,0,R2,26.0,0.4797201369143099, 
664,70722,MI,355,309,252,292,0,93,271,12.33333333,0,907,C3,16.0,0.4202499866685403, 
665,187495,OK,922,501,374,442,3,66,449,14.0,1,0,T1,17.0,0.5345378159731109, 
666,18543,NC,506,336,243,285,0,89,294,9.090909091,0,6001,T2,14.0,0.6853462807592013, 
667,38707,FL,3333,815,390,609,79,20,549,10.0,1,0,C1,17.0,0.7780471971402588, 
668,138528,Arizona,723,485,265,361,0,42,351,18.4,1,2406,S2,26.0,0.5274744660261996, 
669,177960,OR,528,359,284,338,0,51,306,12.47826087,1,3803,T2,25.0,0.9153394622292372, 
670,97221,IL,418,430,330,343,0,90,381,11.0,0,3101,R2,25.0,0.33612838732950834, 
671,158816,CA,2322,498,469,472,76,48,499,7.84375,2,3601,C1,11.0,0.2878132656691217, 
672,93713,IL,704,415,314,349,0,73,358,13.0,0,3101,U3,20.0,0.3250039606064177, 
673,135535,Arizona,1060,631,519,602,0,42,559,6.357142857,28,4707,U1,13.0,0.7912177224368667, 
674,91194,IL,539,343,254,348,0,80,297,7.894736842,0,5001,C3,7.0,0.7039056390045804, 
675,62232,IN,1097,601,485,562,4,64,534,14.6,0,4206,T1,19.0,0.11654065093889165, 
676,91507,IL,1058,562,479,499,1,86,525,8.75,0,3601,S1,14.0,0.40191903766043524, 
677,153467,CA,1971,607,553,605,46,39,559,15.0,1,2301,S1,21.0,0.027873541423644066, 
678,28718,GA,512,297,190,237,0,55,248,20.0,1,2201,C3,20.0,0.45379730539161367, 
679,119902,TX,321,271,170,189,1,81,233,10.0,1,2201,R3,5.0,0.3650325344687252, 
680,179339,WA,2321,718,631,638,65,61,713,6.7,0,9310,T1,13.0,0.710730170546113, 
681,74880,IA,622,416,347,378,0,88,401,15.0,0,2201,T2,25.0,0.5773668303240022, 
682,29988,GA,351,237,171,186,0,78,219,25.0,1,0,R1,25.0,0.591769270471086, 
683,132508,WY,540,237,191,215,0,34,195,10.5,28,0,C2,10.0,0.31022688320283764, 
684,144351,CA,2855,537,311,385,78,47,484,11.46153846,0,3609,U2,40.0,0.7178919611225856, 
685,38388,FL,955,444,324,379,2,17,397,7.264347826,2,4810,U2,10.0,0.4982047899329497, 
686,176863,OR,442,191,156,195,0,53,165,16.5,1,6101,R3,20.0,0.3136891639343914, 
687,70696,MI,569,515,356,384,2,83,440,6.75,0,4701,C2,12.0,0.6368269980607677, 
688,151819,CA,1170,255,210,220,3,50,252,5.7,0,4601,U4,6.0,0.5314998740657827, 
689,146500,CA,2353,367,301,316,71,33,333,25.0,28,2201,S2,25.0,0.027347079778390126, 
690,72679,MI,330,357,249,317,0,84,289,7.333333333,0,6401,R2,10.0,0.8363641246816312, 
691,61805,IN,428,319,253,294,0,79,284,2.625,0,0,R2,5.0,0.583167176125941, 
692,142742,CA,1713,334,217,244,41,26,310,15.0,2,4801,U3,15.0,0.3190689886049498, 
693,29342,GA,618,364,278,291,0,81,322,7.285714286,0,0,0,10.0,0.5488889447048895, 
694,49712,AL,310,297,243,308,1,94,265,11.2,1,0,R3,17.0,0.6837782667093829, 
695,53529,Tennessee,1183,654,496,603,1,44,566,10.65217391,0,0,S1,5.0,0.22594026691776503, 
696,70803,MI,299,303,244,267,0,77,263,4.9375,1,1112,R3,4.0,0.6733012180814826, 
697,20721,NC,504,424,238,355,1,60,319,8.5,0,5805,R2,10.0,0.14695393152238245, 
698,15445,NC,782,357,223,341,0,45,272,10.23076923,1,5501,C2,20.0,0.48555531036781074, 
699,24030,SC,383,180,76,134,0,78,135,12.2,0,3306,T3,20.0,0.04940691412824705, 
700,150177,CA,2044,423,329,337,53,47,397,10.75,0,2001,S2,20.0,0.33111554855016523, 
701,137540,Arizona,2158,640,411,516,54,12,535,9.0,2,4801,C1,10.0,0.7407974340290056, 
702,13496,CA,3222,652,569,614,93,35,607,16.54545455,28,2801,U1,25.0,0.9593418539206062, 
703,28040,GA,866,492,463,475,1,66,467,7.545454545,1,2901,T2,11.0,0.7916324952425046, 
704,156174,NV,899,535,479,486,1,26,542,9.444444444,1,2601,C2,10.0,0.19171591750019257, 
705,75461,IA,221,304,216,274,0,87,252,11.33333333,2,1612,0,15.0,0.26333904686840737, 
706,2781,CA,2432,432,340,364,72,37,397,9.0,0,4501,U2,20.0,0.9612953121510861, 
707,85476,MN,198,238,173,209,0,83,208,5.0,2,3801,R3,5.0,0.5182336868511516, 
708,177640,OR,600,275,236,256,2,44,273,18.95833333,1,4911,R2,30.0,0.29631341635488107, 
709,183052,WA,944,461,395,417,5,38,414,5.266666667,1,3511,T2,5.0,0.7665177182675769, 
710,115935,TX,463,470,404,416,0,46,427,10.4,28,0,C2,20.0,0.21504011932165812, 
711,103872,MO,290,277,182,228,0,76,235,20.0,2,3401,R3,20.0,0.12611449506696482, 
712,10064,IN,694,450,270,376,1,76,339,13.0,0,0,T3,18.0,0.729139371132016, 
713,84854,MN,797,392,259,378,0,70,318,3.161290323,0,3701,C2,3.0,0.20466430184993434, 
714,106430,KS,589,366,282,286,0,74,337,10.0,3,5104,T2,14.0,0.5979418152609587, 
715,18438,NC,1205,473,246,459,21,25,345,4.176470588,1,2806,R2,5.0,0.3114249661182208, 
716,49519,AL,464,307,270,288,0,77,289,6.5,2,4007,S3,5.0,0.9196919697949967, 
717,63971,IN,444,353,265,324,0,56,304,4.5,1002,4201,R2,4.0,0.6367177132442629, 
718,34079,FL,801,478,324,382,11,20,419,4.9,0,2201,C2,5.0,0.2145988837825138, 
719,120509,TX,337,298,204,261,1,87,263,8.294117647,2,1502,R3,10.0,0.8672024917545544, 
720,66244,MI,434,372,237,337,0,78,305,11.66666667,1002,0,S3,10.0,0.7944680887220916, 
721,44715,FL,646,299,241,257,1,9,278,7.1875,28,2601,C2,12.0,0.1241877536060223, 
722,104891,KS,740,420,295,376,0,37,329,12.6,0,1706,S2,23.0,0.38375656000714997, 
723,30988,GA,717,366,316,339,4,22,349,10.0,0,5401,R2,10.0,0.5158246755219746, 
724,158389,CA,2971,322,302,288,98,27,340,7.0,1,1101,S3,12.0,0.9596052262307845, 
725,97020,IL,636,393,316,395,0,60,325,14.25,0,3901,C1,17.0,0.0811433095471994, 
726,92801,IL,2906,707,688,653,99,37,740,10.6,1,3503,U1,15.0,0.10858557845272776, 
727,28960,GA,717,364,327,352,2,62,347,10.0,0,0,T2,10.0,0.8246748419505322, 
728,121969,TX,715,355,295,301,5,41,333,7.111111111,0,5005,S2,8.0,0.6609154472284144, 
729,52330,Tennessee,565,344,294,367,0,83,314,4.454545455,0,2801,T2,3.0,0.8990731353800955, 
730,105709,KS,386,356,293,354,0,67,302,4.217391304,1,3501,T2,5.0,0.3175822029616189, 
731,177329,OR,684,356,290,323,3,43,323,20.0,2,4801,T3,20.0,0.5446444827746405, 
732,18196,NC,469,313,214,260,0,90,271,7.465116279,2,0,T2,12.0,0.5664290976642684, 
733,185572,KY,884,404,332,377,0,59,366,7.666666667,1,0,S1,5.0,0.8698692309222664, 
734,103613,MO,275,246,154,161,0,73,224,9.25,28,3801,R2,15.0,0.9282115085570468, 
735,84144,MN,1122,618,554,560,5,71,607,25.125,0,6408,S1,20.0,0.4672116825739726, 
736,83530,MN,656,373,272,339,1,70,318,28.6,0,2207,U3,5.0,0.8705080596026282, 
737,46495,FL,880,403,335,343,1,22,386,17.71428571,0,3005,C2,15.0,0.5637233971080616, 
738,186458,WA,837,397,337,381,1,48,369,3.466666667,2,0,C2,3.0,0.47957820821869945, 
739,162253,CA,2322,579,506,548,73,55,469,4.431034483,0,0,S1,5.0,0.7631481970362711, 
740,24915,AL,853,475,445,464,4,59,447,10.0,0,5301,0,10.0,0.04868642947334523, 
741,2081,WA,871,476,381,412,6,51,436,7.836734694,0,0,0,7.0,0.5816775117444013, 
742,121654,TX,884,746,681,692,0,40,737,9.142857143,2,4710,C1,21.0,0.058563906478745764, 
743,132627,WY,643,338,227,311,0,44,293,6.5,0,3601,R2,10.0,0.879122553757763, 
744,149089,CA,5687,787,515,540,95,45,729,21.5,2,2601,T1,20.0,0.33576903240951705, 
745,150497,CA,3343,794,708,760,92,49,768,17.5,0,7701,S1,40.0,0.1612918648267493, 
746,180633,WA,949,468,429,448,9,57,420,11.66666667,2,2102,T2,15.0,0.3743821705715461, 
747,50200,Tennessee,1052,541,482,499,9,44,516,10.83333333,2,2201,C1,10.0,0.8083845618037171, 
748,172176,CA,1788,514,368,424,44,53,415,11.0,28,0,S1,20.0,0.5171380849488819, 
749,130884,CO,1274,575,520,541,7,32,548,6.0,0,2711,T1,7.0,0.32496586980877173, 
750,139857,NM,481,319,280,335,0,30,279,7.2,0,1701,T2,5.0,0.519685756528073, 
751,152325,CA,1728,523,470,511,30,50,503,25.0,1,4601,S2,25.0,0.9581586584199063, 
752,43559,FL,1322,454,355,405,7,36,408,3.566666667,0,1301,R1,2.0,0.9682481175678944, 
753,81527,WI,429,346,232,297,0,65,276,7.692307692,2,1501,R2,3.0,0.6218616428209122, 
754,146913,CA,2674,662,561,574,77,43,648,19.16666667,28,3201,S1,25.0,0.47416293638171403, 
755,5968,WI,685,375,359,365,0,81,372,3.589285714,0,0,U1,12.0,0.9056903302144844, 
756,3953,HI,2254,518,484,479,60,85,542,16.25,0,0,S2,20.0,0.3944955164496119, 
757,13177,CA,479,322,208,268,1,59,272,9.555555556,0,3901,T2,10.0,0.6648193498023638, 
758,38632,FL,860,505,458,453,0,31,495,13.51111111,0,5008,S1,38.0,0.7892501410704987, 
759,578,CA,1821,505,454,466,21,39,486,7.384615385,28,0,S2,10.0,0.43881033960989113, 
760,186980,TX,1076,578,490,503,2,79,550,14.54545455,0,5311,R2,50.0,0.41788026872473116, 
761,172475,CA,1231,412,323,398,13,67,367,12.3,0,4602,T2,16.0,0.014718909285808768, 
762,33526,FL,440,299,185,231,1,68,253,8.916666667,0,5308,R2,5.0,0.0005456555164004007, 
763,69465,MI,1572,684,566,587,31,79,623,10.0,1,4601,S1,20.0,0.9253304980497796, 
764,190391,NC,347,233,166,202,2,75,204,14.75,1,3003,R3,16.0,0.3009117153945229, 
765,26378,GA,1153,629,562,583,8,41,609,50.0,0,3701,T1,100.0,0.16514907556753822, 
766,12998,WA,2075,845,723,743,53,46,823,5.517241379,0,1801,U1,6.0,0.9587244662535596, 
767,128035,TX,360,269,167,235,0,85,219,11.9,1,2506,T2,21.0,0.5416624856492263, 
768,16756,NC,542,361,211,245,1,74,269,15.4,0,6801,S2,15.0,0.9900668110162689, 
769,142313,NV,948,398,325,353,3,19,367,3.411764706,28,3701,T2,1.0,0.4484922271412862, 
770,132903,WY,483,223,180,206,2,61,207,15.0,0,6201,R2,21.0,0.6053020677174284, 
771,153957,CA,1488,407,406,400,5,36,402,9.0,28,5601,S2,5.0,0.3253865194747517, 
772,61808,IN,809,511,385,482,1,70,413,20.0,1,4901,T2,25.0,0.8679616358130755, 
773,143707,CA,2083,211,198,186,53,20,220,3.8125,0,5901,U2,4.0,0.4145173187386392, 
774,122001,TX,597,488,425,448,0,38,475,13.0,1,6001,S1,30.0,0.49839372979402075, 
775,180786,WA,1271,417,324,351,22,53,393,9.5,1,2106,C1,18.0,0.3966687132074138, 
776,96031,IL,440,375,286,331,0,88,323,6.0,1002,3601,R2,5.0,0.8510853087755557, 
777,60477,IN,614,385,289,317,0,76,335,15.0,30,2401,C3,20.0,0.13206355060107622, 
778,144310,CA,2424,542,426,446,75,47,483,14.5,1,3801,U2,6.0,0.04717439219199748, 
779,2170,MI,923,409,299,364,3,79,353,7.607142857,0,3003,T2,7.0,0.14550376084572603, 
780,7846,TX,577,454,425,437,0,62,437,7.375,0,0,S2,10.0,0.5168460642142163, 
781,71904,MI,347,328,245,310,0,74,286,4.904761905,1,1901,C3,7.0,0.9182552227355637, 
782,2512,NC,1250,540,319,411,8,33,429,25.0,1002,2601,0,25.0,0.37559230060965443, 
783,71682,MI,770,454,417,426,0,88,450,10.6,1,5511,T2,20.0,0.1765793691393055, 
784,142552,CA,1943,523,426,444,45,48,439,13.33333333,1,2801,U2,5.0,0.7685057468282223, 
785,109429,LA,589,422,378,384,0,65,410,16.0,0,0,T2,20.0,0.6405774037692186, 
786,57332,KY,687,419,368,407,0,75,375,6.105263158,1,2808,S2,6.0,0.6353678076000138, 
787,190778,NC,875,381,280,317,10,50,343,7.0,4,0,R2,20.0,0.00790063830819987, 
788,128235,TX,864,511,388,480,0,67,402,8.230769231,2,0,C1,8.0,0.5780770382622927, 
789,175113,OR,701,400,307,352,0,45,353,25.0,28,0,T2,25.0,0.23512243017065704, 
790,66757,MI,664,332,315,308,0,63,336,3.613636364,2,1209,0,4.0,0.7079444664687912, 
791,154150,CA,755,290,218,232,3,40,282,11.33333333,1,4801,R2,14.0,0.3118425671268519, 
792,55392,MS,423,287,212,262,0,80,251,5.95945946,0,4601,R2,6.0,0.5165984135964344, 
793,162234,CA,5540,857,757,815,99,49,814,21.0,1,1707,S1,26.0,0.6303672656571777, 
794,8880,CA,2596,588,515,518,91,48,584,24.16666667,0,4401,S1,25.0,0.6178777797287229, 
795,6643,CA,3199,641,490,537,94,56,595,14.7,1,2203,C1,16.0,0.9661292617818793, 
796,170827,CA,1257,445,356,358,3,61,427,6.384615385,2,201,S2,17.0,0.9702887176930871, 
797,105459,KS,205,255,189,221,0,78,217,5.166666667,0,0,R3,5.0,0.3859876418285787, 
798,26289,GA,1173,660,503,625,4,60,562,8.931034483,0,4601,C1,10.0,0.5965471402714809, 
799,67315,MI,862,511,476,519,0,81,478,20.25,2,2005,S2,27.0,0.09985982477542688, 
800,75910,IA,339,321,254,271,0,56,293,5.928571429,0,0,0,10.0,0.6060245123982362, 
801,103527,MO,392,300,218,239,0,79,265,4.266666667,1,5002,R3,4.0,0.33552980893897244, 
802,16247,NC,576,323,289,308,0,84,304,8.923076923,2,0,R2,10.0,0.2449228540295938, 
803,166770,CA,2419,533,364,409,61,59,470,9.857142857,0,3901,R1,5.0,0.12552612939268115, 
804,82580,MN,575,265,209,212,0,62,247,4.428571429,2,1001,C3,5.0,0.8098970280070901, 
805,34883,FL,709,296,220,254,1,15,264,7.333333333,2,3001,T2,5.0,0.7547362884978898, 
806,57647,KY,724,393,322,380,2,67,363,17.22222222,0,7309,R2,20.0,0.8947540227600881, 
807,82995,MN,719,519,365,561,0,87,430,4.4,1002,3603,S2,5.0,0.033835241892749224, 
808,74043,MI,411,272,199,230,0,87,244,13.0,0,2401,R2,12.0,0.6293623911469535, 
809,114438,OK,498,315,284,304,0,56,274,11.5,1,2512,T2,20.0,0.04167404882951542, 
810,122046,TX,716,454,291,438,1,40,351,20.0,0,3601,C1,25.0,0.4955546110332957, 
811,69122,MI,732,481,404,431,1,73,434,10.5,1,2701,S2,13.0,0.22660772789313566, 
812,118739,TX,1155,750,684,695,0,43,728,12.5,0,4701,C1,15.0,0.17335087505742397, 
813,68148,MI,245,224,189,176,0,62,246,9.333333333,0,5401,U4,10.0,0.47421316526850044, 
814,22644,SC,489,277,191,221,1,83,244,9.2,2,4201,R2,21.0,0.4728616628464767, 
815,87239,MT,590,362,292,341,0,68,333,8.583333333,1002,1601,T2,7.0,0.9255829232619428, 
816,108447,LA,764,401,354,362,0,70,383,6.25,0,0,S2,10.0,0.5368933091024632, 
817,49860,Tennessee,670,386,318,358,0,68,354,4.958333333,0,3512,S2,4.0,0.14427864949449387, 
818,88662,IL,1000,478,453,463,0,72,458,8.772727273,0,3004,S2,12.0,0.4582198564558396, 
819,59225,IN,519,381,314,357,0,82,349,5.6875,2,0,R2,10.0,0.8822781123924506, 
820,190377,FL,720,521,364,416,1,21,450,17.89473684,28,0,0,24.0,0.8715771449964146, 
821,151695,CA,2498,606,518,550,71,55,570,25.0,1,0,T1,35.0,0.7009937829986853, 
822,146301,ID,887,531,337,459,6,43,433,9.666666667,0,6301,U2,17.0,0.07587416782020184, 
823,27944,GA,687,380,379,403,0,57,360,13.85714286,0,5011,C2,33.0,0.9165600778427051, 
824,172801,CA,710,400,236,388,2,79,313,13.57142857,1002,0,R2,10.0,0.9228493774049261, 
825,78179,WI,708,414,358,370,0,86,384,22.5,1,6401,C3,10.0,0.11482909778714312, 
826,121755,TX,1364,811,634,673,22,34,768,15.0,0,2001,C1,15.0,0.7542231084060289, 
827,147747,CA,3005,503,348,385,87,35,455,9.470588235,0,2008,S1,13.0,0.8628153182862892, 
828,3685,WA,827,371,277,328,1,47,309,10.15789474,0,4201,S3,15.0,0.07509884021915092, 
829,128934,TX,725,432,334,354,0,53,418,15.4,0,1,S1,20.0,0.577093996154029, 
830,18038,NC,548,300,197,246,7,83,259,12.375,0,0,R2,16.0,0.2659909315853799, 
831,180272,WA,1055,421,319,379,6,49,375,14.0,0,1801,C2,20.0,0.6196086282774544, 
832,164986,CA,3142,768,658,770,95,69,675,12.5,0,2901,S1,15.0,0.0531427489569859, 
833,65117,MI,479,350,280,304,1,75,333,5.884615385,28,5610,T3,10.0,0.5503848851251236, 
834,93995,IL,2172,805,427,625,54,54,561,3.25,0,0,U1,10.0,0.3442087763790057, 
835,84097,MN,3410,932,710,941,80,62,775,25.0,2,1001,S1,25.0,0.8091430987648893, 
836,116267,TX,1088,557,421,514,3,52,511,15.0,0,2401,S1,20.0,0.39987501744628573, 
837,153898,CA,875,254,226,224,0,31,254,6.0,0,0,U2,10.0,0.2531240880191604, 
838,161627,CA,883,336,247,272,1,63,310,4.944444444,2,4401,S2,21.0,0.4768745485543623, 
839,22337,NC,514,322,239,289,0,73,276,9.25,0,0,C2,10.0,0.009140120605299118, 
840,7590,TX,689,377,344,359,4,67,368,22.28571429,2,606,R2,30.0,0.8342068810912782, 
841,108905,LA,708,441,368,404,1,55,407,12.52631579,0,0,C1,20.0,0.8515572523159541, 
842,100411,MO,733,426,337,409,0,83,359,26.25,1,6607,S2,30.0,0.22805815815216546, 
843,103488,MO,476,319,219,280,0,74,272,5.434782609,0,3001,T2,10.0,0.5836967016654684, 
844,99410,MO,2041,950,856,858,52,68,943,9.833333333,0,2001,C1,17.0,0.9537633561846499, 
845,43949,FL,881,453,297,363,3,13,375,6.714285714,0,1901,C2,6.0,0.9461202114655702, 
846,87706,MT,434,308,211,299,0,55,243,11.4,1,3201,T2,12.0,0.6120810798561984, 
847,122217,TX,1150,270,196,212,0,35,245,7.666666667,0,3001,U1,5.0,0.5590520222502471, 
848,29724,GA,529,304,259,304,0,64,280,5.611111111,2,3606,R2,5.0,0.8859191857923292, 
849,172214,CA,1205,450,399,408,3,61,444,9.8,0,4803,S2,5.0,0.08819159719595882, 
850,106719,TX,301,299,215,273,1,63,262,8.982758621,28,601,U3,10.0,0.1595943775996903, 
851,12932,Tennessee,910,548,302,415,18,58,421,12.23076923,28,4704,C2,21.0,0.4572891004263573, 
852,190726,MD,875,425,391,415,0,71,381,11.42857143,2,508,0,10.0,0.030147909206555412, 
853,127511,TX,945,563,398,578,0,53,446,17.18181818,2,4104,S1,23.0,0.38545049963040046, 
854,56337,KY,714,376,187,290,0,83,282,12.07142857,0,3710,T2,15.0,0.7011405323819438, 
855,113692,OK,763,398,316,334,1,29,378,5.5,1,5101,T1,8.0,0.7705497556293963, 
856,79850,WI,515,327,258,276,3,81,302,5.857142857,2,1401,R2,10.0,0.40095093593765885, 
857,28796,GA,448,299,192,241,1,88,254,8.294117647,2,0,R2,10.0,0.7202749587911054, 
858,131032,CO,524,325,264,269,0,36,329,11.8,0,5801,T2,25.0,0.348385446907967, 
859,86318,SD,397,274,166,211,3,61,227,8.96875,2,0,R2,5.0,0.2661804993143271, 
860,63725,IN,637,371,286,316,1,76,335,25.0,1002,2301,R2,25.0,0.057953127602439425, 
861,63572,IN,778,527,377,422,5,71,447,5.821818182,0,4102,R1,12.0,0.2880593182138248, 
862,139663,NM,1008,426,360,397,3,40,388,8.916666667,28,0,S1,5.0,0.7090634276482587, 
863,104848,KS,993,399,285,366,0,18,329,5.235294118,0,1501,S1,7.0,0.740339576943263, 
864,150776,CA,1149,273,222,263,0,56,250,6.619047619,28028,4112,U3,8.0,0.5693305460190443, 
865,43104,CA,5000,782,498,700,92,31,632,5.840909091,1,5708,C1,9.0,0.00301432434532678, 
866,162254,CA,5564,892,839,860,99,54,860,19.16666667,0,5801,S1,35.0,0.5618106752231813, 
867,52902,Tennessee,929,606,505,546,4,53,561,15.0,28,0,C1,17.0,0.5053642042693602, 
868,79213,WI,575,414,318,341,0,89,379,8.473684211,2,2903,R2,12.0,0.8326435242558374, 
869,178432,WA,1627,586,456,508,30,53,537,9.266666667,2,2806,S1,14.0,0.16348231833023918, 
870,11267,MI,428,293,208,243,0,85,268,6.461538462,2,1002,R2,6.0,0.603331679596874, 
871,129468,CO,717,360,333,341,0,58,344,25.0,0,5301,S2,20.0,0.9607346552722975, 
872,54134,Tennessee,452,270,193,256,0,79,230,5.64,1,1601,T3,10.0,0.3913357790730473, 
873,162492,CA,2625,523,513,533,93,65,517,12.82608696,0,3710,S1,10.0,0.6819087637513738, 
874,13342,CA,2113,532,422,450,58,63,502,9.0,0,4601,U1,5.0,0.6924344127690455, 
875,169323,CA,1104,319,266,275,1,57,323,2.637931034,0,2608,S2,3.0,0.3026275833152454, 
876,125444,TX,362,255,208,217,0,85,238,7.142857143,1,4811,U4,10.0,0.4576871628901299, 
877,70076,MI,403,364,327,375,0,80,304,7.32,1,3407,S3,10.0,0.0652342004890285, 
878,4048,IL,1014,350,262,273,15,40,306,11.1875,0,3401,U2,17.0,0.042825247354322804, 
879,68669,MI,732,453,377,478,0,70,396,9.5,0,1801,S2,15.0,0.38646847907342796, 
880,155943,CA,1309,432,409,419,1,58,424,12.0,1,2201,C2,12.0,0.3367700413086734, 
881,40968,FL,961,386,297,341,2,47,366,13.66666667,0,0,T2,17.0,0.6004501275302234, 
882,101109,MO,883,517,468,503,0,69,493,13.8,0,2801,C1,10.0,0.3290919055489021, 
883,14279,CO,1285,584,474,510,12,39,535,5.1875,2,5701,T1,11.0,0.9530649823971008, 
884,83887,MN,889,450,272,398,0,69,341,16.0,2,6801,S2,17.0,0.9056199761734153, 
885,17089,NC,609,323,257,338,0,95,299,6.0,0,0,R2,5.0,0.4458416085669217, 
886,92183,IL,1240,550,395,496,6,70,436,5.375,28,1101,C1,5.0,0.067513710564577, 
887,65374,MI,426,343,267,315,0,71,314,16.75,1,2608,U4,20.0,0.22846057327767566, 
888,27082,TX,792,396,260,320,8,66,337,11.33333333,1,4612,S2,10.0,0.6635105736192484, 
889,108115,LA,801,550,487,523,0,73,509,13.27272727,1,3511,S1,100.0,0.9055886057191426, 
890,86278,SD,554,344,294,319,0,58,287,7.529411765,1,3201,C2,9.0,0.18110323696051422, 
891,87904,IL,1141,536,453,498,1,74,481,8.615384615,1,3209,U2,21.0,0.8984653144442194, 
892,5798,TX,872,607,534,548,1,63,594,79.16666667,0,6501,S1,50.0,0.22443782955675984, 
893,115289,OK,848,426,372,386,3,72,404,10.0,0,3801,T3,25.0,0.08556246310754667, 
894,186185,CO,985,591,478,495,3,50,508,12.125,1,2010,S1,15.0,0.3777302122605001, 
895,74589,MI,795,627,442,475,7,71,557,9.0,0,5401,T1,12.0,0.2517726384451816, 
896,65558,MI,556,346,317,324,0,82,313,5.263157895,0,5612,U3,10.0,0.9878767647541815, 
897,22696,SC,630,371,279,323,2,85,329,11.5,0,6201,R2,20.0,0.5697669901103045, 
898,387,IN,789,447,413,430,0,72,425,5.833333333,2,0,T2,5.0,0.017962230251057365, 
899,98033,IL,152,267,152,200,0,80,204,14.66666667,2,1912,R3,20.0,0.23688573432393056, 
900,110308,LA,1384,749,554,643,19,53,667,8.0,0,3701,C1,15.0,0.2527756774065919, 
901,3496,TX,688,596,562,564,0,46,582,12.0,1,6703,C1,10.0,0.5795159620608493, 
902,138262,Arizona,569,202,156,158,0,38,187,5.166666667,28,6201,C2,5.0,0.0332145382305451, 
903,80437,WI,491,358,227,323,0,81,276,11.84615385,1,6702,C2,10.0,0.24242237121198562, 
904,186580,TX,651,284,197,250,2,70,252,8.277777778,0,3007,T2,5.0,0.8303372927265176, 
905,8863,FL,1307,450,310,381,17,19,383,18.0,1,5503,U2,40.0,0.9774395070912782, 
906,120734,TX,241,290,164,241,0,85,231,8.466666667,0,0,R3,5.0,0.1811763316192162, 
907,149414,CA,4240,919,714,814,95,38,830,8.466666667,0,4606,U2,9.0,0.3244850060158583, 
908,79900,WI,617,289,221,247,0,75,249,24.22222222,0,2905,R2,50.0,0.32709433161502977, 
909,154158,CA,838,241,163,176,5,42,235,6.666666667,0,3601,R2,7.0,0.7049747043342007, 
910,23146,SC,688,475,402,432,0,64,442,9.4,1,2801,C1,5.0,0.8114660547406488, 
911,1617,CA,5970,1273,1386,1496,98,34,1208,10.18181818,0,2201,S1,15.0,0.9915140230500651, 
912,68022,MI,435,365,304,322,0,62,325,10.0,0,3104,U2,15.0,0.12569992044253198, 
913,44705,FL,677,302,242,261,2,8,282,9.8,28,2601,C2,15.0,0.34708313860472717, 
914,49943,FL,980,435,335,387,12,13,381,11.0,1,4001,R2,10.0,0.55631538348599, 
915,24152,SC,788,343,225,275,4,47,299,6.789473684,1,2406,T2,8.0,0.04258528201215561, 
916,136645,Arizona,950,433,199,371,17,11,361,9.0,1002,3801,S3,10.0,0.3045103617933663, 
917,58597,KY,295,223,155,161,0,81,199,25.11111111,1,1707,T3,50.0,0.08456355910053237, 
918,165628,CA,1831,380,280,324,31,41,313,5.166666667,1,2601,U2,5.0,0.42647467485087054, 
919,45201,FL,817,473,282,288,13,9,413,7.666666667,1,0,U2,11.0,0.6487950592333478, 
920,34735,FL,838,437,354,374,1,22,402,15.0,0,3601,S3,20.0,0.980661472362791, 
921,6845,ID,551,310,232,297,0,56,252,16.86666667,0,2004,T2,20.0,0.04386671728907454, 
922,181799,WA,2049,626,442,448,51,43,573,25.4,0,0,C1,35.0,0.2838328536930055, 
923,88153,IL,1380,485,385,449,11,73,417,8.0625,2,4801,S2,13.0,0.6992934961227345, 
924,92514,IL,1499,479,408,419,32,71,444,9.2,0,6901,S1,15.0,0.36509093874026777, 
925,183954,WA,507,326,243,335,0,59,265,11.66666667,0,2201,C3,10.0,0.32174722326746574, 
926,141134,NV,603,280,199,261,1,9,233,6.333333333,1,2601,U4,9.0,0.6318531707828076, 
927,66532,MI,407,399,318,324,0,75,383,5.0,1,6801,U4,2.0,0.5665038694423663, 
928,7924,TX,471,302,230,268,1,80,273,9.0,0,1912,0,12.0,0.6919209856805626, 
929,27890,GA,929,467,403,420,8,61,418,7.833333333,0,4801,T1,10.0,0.4875552978192501, 
930,58649,KY,521,371,258,330,0,87,315,8.75,0,2201,C2,10.0,0.08496982664129316, 
931,47371,AL,288,167,129,164,0,96,131,5.285714286,0,2107,C3,5.0,0.5024468060794487, 
932,26887,GA,914,560,522,542,1,30,540,25.0,28,4801,S1,30.0,0.613796165327782, 
933,80577,WI,466,354,270,309,0,78,318,11.66666667,0,6001,0,10.0,0.509835779113851, 
934,61933,IN,534,388,292,306,2,70,363,20.0,0,0,C2,20.0,0.6892308819738119, 
935,174358,OR,1550,709,456,613,24,39,549,17.5,1,4201,S2,10.0,0.33971669496645684, 
936,133555,ID,575,269,231,245,0,58,248,15.0,0,4701,T2,21.0,0.6284478340010967, 
937,82457,MN,687,267,230,219,0,73,261,4.592105263,0,5301,U3,5.0,0.7079226827290264, 
938,23065,SC,810,469,408,421,1,53,455,12.83333333,0,4809,S1,20.0,0.24155100639237514, 
939,88856,IL,2347,870,615,736,68,63,786,3.055555556,2,3501,S1,4.0,0.8788594747134878, 
940,168393,CA,2298,322,290,302,72,51,308,25.0,4,4001,U2,25.0,0.2528455622680358, 
941,143936,CA,4956,1058,805,1081,95,31,861,32.5,1,5101,U1,55.0,0.10928859023150017, 
942,86436,ND,857,320,245,282,0,62,275,5.628571429,1,3011,S2,5.0,0.02805130915167242, 
943,138311,AZ,1708,684,437,586,36,19,551,9.769230769,2,1403,S1,20.0,0.8929268474738432, 
944,123469,TX,561,540,493,529,1,68,506,5.2,0,0,T2,5.0,0.5320217818645241, 
945,135341,AZ,700,295,205,221,0,12,276,12.85714286,0,0,C2,12.0,0.7644178364386565, 
946,33284,FL,696,369,303,339,1,65,323,22.5,1,3001,C1,20.0,0.20113984677211227, 
947,180837,WA,1039,435,279,376,4,58,338,25.0,1,3101,C2,50.0,0.9427598362402244, 
948,37747,FL,1909,779,473,688,45,34,648,13.375,1,6006,U1,18.0,0.902296322638069, 
949,108983,LA,535,199,165,154,0,92,200,12.0,0,2412,C2,17.0,0.8882443931824124, 
950,34591,FL,835,410,413,414,0,20,429,19.66666667,1,3401,S2,23.0,0.032749116458530514, 
951,100691,MO,553,236,196,193,0,76,236,4.0,0,1305,C3,5.0,0.24705380617529316, 
952,95347,IL,652,381,247,354,0,72,306,8.222222222,1,3705,T2,7.0,0.17056950662797865, 
953,14717,CO,1125,131,205,138,0,26,281,6.458333333,28,2610,U2,15.0,0.045423926262788905, 
954,63612,IN,416,243,209,221,0,76,229,13.5,0,6801,C2,18.0,0.7852926662737313, 
955,21097,NC,623,319,273,300,0,53,293,15.0,1,0,T2,25.0,0.06301339407438167, 
956,178598,WA,1516,548,519,555,16,44,527,4.166666667,0,4701,S1,4.0,0.7218143871908429, 
957,81630,WI,182,209,78,181,0,59,126,4.352941177,0,0,C3,12.0,0.05128892281110509, 
958,57087,KY,821,334,259,298,1,80,304,11.66666667,1,4601,R2,15.0,0.27144773479491147, 
959,81985,WI,486,336,274,327,0,83,289,7.545454545,0,6611,R2,14.0,0.8732062190625853, 
960,148795,CA,2259,603,557,567,71,48,600,6.4,0,5401,S1,10.0,0.44130897204947306, 
961,78778,WI,659,399,315,365,0,83,356,13.16666667,1,2706,S2,21.0,0.3365127278100961, 
962,121256,TX,423,360,294,323,0,73,322,9.695652174,1,0,S3,15.0,0.5863236275889291, 
963,177041,OR,661,327,259,286,3,47,292,12.5,2,0,R2,15.0,0.06784562596226107, 
964,141209,CO,660,262,203,238,0,43,223,15.33333333,0,0,S2,10.0,0.9532782343955417, 
965,75346,IA,349,311,228,308,0,76,259,8.111111111,0,2801,R2,15.0,0.5927420558973611, 
966,187318,NC,550,360,249,356,1,79,293,12.5,0,0,T2,18.0,0.6100310196749658, 
967,22119,NC,508,280,193,224,5,74,245,9.428571429,1,1902,R2,10.0,0.4721545578243752, 
968,22149,NC,639,333,228,269,2,77,289,9.25,1,0,R2,20.0,0.8337055097988461, 
969,32622,FL,533,286,201,230,4,25,256,23.83333333,1,805,R2,47.0,0.6756505140282283, 
970,76758,IA,275,331,282,319,0,89,288,5.916666667,0,2801,R2,10.0,0.004684077723959068, 
971,161838,CA,1953,380,304,353,47,43,337,13.5,0,4212,C2,14.0,0.3065262992645935, 
972,70863,MI,494,373,269,331,0,93,316,6.571428571,1,1803,R2,20.0,0.9827440706267214, 
973,143996,CA,5951,1093,1184,1330,99,36,1060,7.083333333,28,4912,S1,10.0,0.7126054148849996, 
974,4314,IL,678,370,267,288,1,63,352,5.448275862,0,2210,U2,6.0,0.6497400542364173, 
975,5835,MN,404,347,256,295,0,88,304,10.54761905,28,0,R2,30.0,0.8523857818579363, 
976,3891,TX,283,333,212,291,0,60,288,19.16666667,2,1501,T2,25.0,0.1502610814993991, 
977,87775,IL,1554,737,615,663,25,77,689,14.5,0,4908,U1,20.0,0.3927872804167051, 
978,9727,CA,5908,1088,1122,1267,98,48,991,81.25,0,4201,U1,25.0,0.6870050889416147, 
979,188841,NM,848,390,219,288,1,30,299,16.0,28,0,C1,10.0,0.23255250336903555, 
980,15046,NC,595,381,289,346,0,85,330,2.636363636,0,3801,R2,10.0,0.9055134128509345, 
981,43781,FL,1069,367,198,257,7,15,308,6.125,1,3001,C2,10.0,0.02638364864218956, 
982,182319,WA,874,418,355,370,2,58,389,4.04,2,1406,C2,10.0,0.23011650626842184, 
983,130369,CO,1017,554,496,510,0,47,537,18.17647059,28,4106,S1,50.0,0.4128553142130823, 
984,147758,CA,5643,971,772,939,98,36,828,13.33333333,0,0,U1,25.0,0.18815283984860753, 
985,18761,NC,714,432,425,434,0,60,419,9.083333333,0,4801,T2,15.0,0.21351181335441205, 
986,104234,MO,915,561,506,513,1,60,559,9.142857143,0,5507,S1,18.0,0.010859952728585975, 
987,30185,GA,748,423,352,372,1,62,369,10.0,0,6401,T2,30.0,0.6971447022774329, 
988,30907,GA,803,597,450,495,2,41,547,15.0,1,0,T2,15.0,0.9390661476934244, 
989,105371,KS,208,296,201,242,0,79,255,17.17647059,0,3204,R3,20.0,0.8763772696325915, 
990,57058,KY,432,279,174,230,1,73,223,11.1,0,2001,R2,25.0,0.5429833855020574, 
991,160851,CA,1485,469,399,478,4,60,432,12.875,0,4004,C2,16.0,0.985069814615759, 
992,163546,CA,4169,667,540,670,95,41,570,11.85714286,1,4301,U1,15.0,0.17932151092626025, 
993,176053,OR,0,0,0,0,0,0,0,9.0,1,4210,U3,12.0,0.6097162706022509, 
994,149534,CA,5000,931,850,931,98,42,862,25.0,28,0,S1,30.0,0.34545828380801524, 
995,156152,CA,1115,391,313,340,4,37,354,11.4375,2,2501,T2,16.0,0.04033564185408056, 
996,67177,MI,709,539,504,515,0,79,522,9.9375,0,2609,S2,12.0,0.38340303530333897, 
997,34475,FL,696,355,277,314,2,51,325,20.4,2,3009,R2,20.0,0.7936392270313103, 
998,114803,OK,911,613,384,496,16,58,497,6.333333333,28,0,C1,20.0,0.33003934876693786, 
999,15332,NC,723,456,371,414,0,47,398,6.538461539,1,1701,C1,10.0,0.8820796569523653, 
1000,74235,MI,473,363,327,338,1,94,348,13.5,4,4912,T2,26.0,0.7088320781320485, 
1001,167039,CA,3201,591,497,552,92,72,539,5.0,0,0,S1,5.0,0.12026568738372645, 
1002,165509,CA,2213,491,447,447,77,62,491,4.95,0,0,C1,10.0,0.9411745467025904, 
1003,151653,CA,1455,426,376,417,7,39,393,6.35,0,2401,U3,10.0,0.07805701261338382, 
1004,100132,MO,393,301,216,258,0,71,258,10.0,0,2401,S2,15.0,0.24900686643857906, 
1005,161726,CA,2453,475,438,451,86,45,436,5.8125,0,4601,T1,7.0,0.157620609429854, 
1006,125986,TX,533,308,246,276,1,75,287,13.375,0,4610,T2,17.0,0.6959423443969203, 
1007,185394,MI,647,338,285,317,0,80,300,8.916666667,2,2702,S2,5.0,0.05735149482434876, 
1008,43799,FL,1044,499,366,318,15,35,458,13.16666667,2,5801,T2,20.0,0.3763995314933196, 
1009,161838,CA,1953,380,304,353,47,43,337,13.5,0,4212,C2,14.0,0.7005694074554873, 
1010,161838,CA,1953,380,304,353,47,43,337,13.5,0,4212,C2,14.0,0.07369768345707706, 
1011,161838,CA,1953,380,304,353,47,43,337,13.5,0,4212,C2,14.0,0.46937254554529595, 
1012,138311,AZ,1708,684,437,586,36,19,551,9.769230769,2,1403,S1,20.0,0.3139075373394967, 
1013,123469,TX,561,540,493,529,1,68,506,5.2,0,0,T2,5.0,0.7937057039318556, 
1014,135341,AZ,700,295,205,221,0,12,276,12.85714286,0,0,C2,12.0,0.4439051867277015, 
